Source,Subject,Age,Gender,Stim_Type,Country,City
Constable_2019_EPHPP_Exp1,Constable_2019_EPHPP_Exp1_Clean.csv_1,26,Male,NA,NA,NA
Constable_2019_EPHPP_Exp1,Constable_2019_EPHPP_Exp1_Clean.csv_2,23,Female,NA,NA,NA
Constable_2019_EPHPP_Exp1,Constable_2019_EPHPP_Exp1_Clean.csv_3,24,Female,NA,NA,NA
Constable_2019_EPHPP_Exp1,Constable_2019_EPHPP_Exp1_Clean.csv_4,23,Male,NA,NA,NA
Constable_2019_EPHPP_Exp1,Constable_2019_EPHPP_Exp1_Clean.csv_5,31,Male,NA,NA,NA
Constable_2019_EPHPP_Exp1,Constable_2019_EPHPP_Exp1_Clean.csv_6,21,Female,NA,NA,NA
Constable_2019_EPHPP_Exp1,Constable_2019_EPHPP_Exp1_Clean.csv_7,25,Female,NA,NA,NA
Constable_2019_EPHPP_Exp1,Constable_2019_EPHPP_Exp1_Clean.csv_8,23,Male,NA,NA,NA
Constable_2019_EPHPP_Exp1,Constable_2019_EPHPP_Exp1_Clean.csv_9,21,Female,NA,NA,NA
Constable_2019_EPHPP_Exp1,Constable_2019_EPHPP_Exp1_Clean.csv_10,21,Female,NA,NA,NA
Constable_2019_EPHPP_Exp1,Constable_2019_EPHPP_Exp1_Clean.csv_11,38,Female,NA,NA,NA
Constable_2019_EPHPP_Exp1,Constable_2019_EPHPP_Exp1_Clean.csv_12,22,Male,NA,NA,NA
Constable_2019_EPHPP_Exp1,Constable_2019_EPHPP_Exp1_Clean.csv_13,22,Female,NA,NA,NA
Constable_2019_EPHPP_Exp1,Constable_2019_EPHPP_Exp1_Clean.csv_14,24,Female,NA,NA,NA
Constable_2019_EPHPP_Exp1,Constable_2019_EPHPP_Exp1_Clean.csv_15,19,Male,NA,NA,NA
Constable_2019_EPHPP_Exp1,Constable_2019_EPHPP_Exp1_Clean.csv_16,24,Male,NA,NA,NA
Constable_2019_EPHPP_Exp1,Constable_2019_EPHPP_Exp1_Clean.csv_17,31,Male,NA,NA,NA
Constable_2019_EPHPP_Exp1,Constable_2019_EPHPP_Exp1_Clean.csv_18,37,Female,NA,NA,NA
Constable_2019_EPHPP_Exp1,Constable_2019_EPHPP_Exp1_Clean.csv_19,31,Female,NA,NA,NA
Constable_2019_EPHPP_Exp1,Constable_2019_EPHPP_Exp1_Clean.csv_20,27,Female,NA,NA,NA
Constable_2019_EPHPP_Exp1,Constable_2019_EPHPP_Exp1_Clean.csv_21,21,Male,NA,NA,NA
Constable_2019_EPHPP_Exp1,Constable_2019_EPHPP_Exp1_Clean.csv_22,22,Female,NA,NA,NA
Constable_2019_EPHPP_Exp1,Constable_2019_EPHPP_Exp1_Clean.csv_23,20,Female,NA,NA,NA
Constable_2019_EPHPP_Exp1,Constable_2019_EPHPP_Exp1_Clean.csv_24,25,Male,NA,NA,NA
Constable_2019_EPHPP_Exp1,Constable_2019_EPHPP_Exp1_Clean.csv_25,24,Female,NA,NA,NA
Constable_2019_EPHPP_Exp1,Constable_2019_EPHPP_Exp1_Clean.csv_26,21,Male,NA,NA,NA
Constable_2019_EPHPP_Exp1,Constable_2019_EPHPP_Exp1_Clean.csv_27,25,Male,NA,NA,NA
Constable_2019_EPHPP_Exp1,Constable_2019_EPHPP_Exp1_Clean.csv_28,24,Female,NA,NA,NA
Constable_2019_EPHPP_Exp3,Constable_2019_EPHPP_Exp3_Clean.csv_1,31,Female,NA,NA,NA
Constable_2019_EPHPP_Exp3,Constable_2019_EPHPP_Exp3_Clean.csv_2,21,Female,NA,NA,NA
Constable_2019_EPHPP_Exp3,Constable_2019_EPHPP_Exp3_Clean.csv_3,20,Male,NA,NA,NA
Constable_2019_EPHPP_Exp3,Constable_2019_EPHPP_Exp3_Clean.csv_4,24,Male,NA,NA,NA
Constable_2019_EPHPP_Exp3,Constable_2019_EPHPP_Exp3_Clean.csv_5,21,Male,NA,NA,NA
Constable_2019_EPHPP_Exp3,Constable_2019_EPHPP_Exp3_Clean.csv_6,25,Female,NA,NA,NA
Constable_2019_EPHPP_Exp3,Constable_2019_EPHPP_Exp3_Clean.csv_7,27,Male,NA,NA,NA
Constable_2019_EPHPP_Exp3,Constable_2019_EPHPP_Exp3_Clean.csv_8,21,Male,NA,NA,NA
Constable_2019_EPHPP_Exp3,Constable_2019_EPHPP_Exp3_Clean.csv_9,24,Female,NA,NA,NA
Constable_2019_EPHPP_Exp3,Constable_2019_EPHPP_Exp3_Clean.csv_10,21,Male,NA,NA,NA
Constable_2019_EPHPP_Exp3,Constable_2019_EPHPP_Exp3_Clean.csv_11,20,Female,NA,NA,NA
Constable_2019_EPHPP_Exp3,Constable_2019_EPHPP_Exp3_Clean.csv_12,23,Female,NA,NA,NA
Constable_2019_EPHPP_Exp3,Constable_2019_EPHPP_Exp3_Clean.csv_13,23,Female,NA,NA,NA
Constable_2019_EPHPP_Exp3,Constable_2019_EPHPP_Exp3_Clean.csv_14,24,Female,NA,NA,NA
Constable_2019_EPHPP_Exp3,Constable_2019_EPHPP_Exp3_Clean.csv_15,21,Female,NA,NA,NA
Constable_2019_EPHPP_Exp3,Constable_2019_EPHPP_Exp3_Clean.csv_16,21,Female,NA,NA,NA
Constable_2019_EPHPP_Exp3,Constable_2019_EPHPP_Exp3_Clean.csv_17,20,Female,NA,NA,NA
Constable_2019_EPHPP_Exp3,Constable_2019_EPHPP_Exp3_Clean.csv_18,20,Female,NA,NA,NA
Constable_2019_EPHPP_Exp3,Constable_2019_EPHPP_Exp3_Clean.csv_19,26,Female,NA,NA,NA
Constable_2019_EPHPP_Exp3,Constable_2019_EPHPP_Exp3_Clean.csv_20,22,Female,NA,NA,NA
Constable_2019_EPHPP_Exp3,Constable_2019_EPHPP_Exp3_Clean.csv_21,21,Male,NA,NA,NA
Constable_2019_EPHPP_Exp3,Constable_2019_EPHPP_Exp3_Clean.csv_22,21,Female,NA,NA,NA
Constable_2019_EPHPP_Exp3,Constable_2019_EPHPP_Exp3_Clean.csv_23,24,Female,NA,NA,NA
Constable_2019_EPHPP_Exp3,Constable_2019_EPHPP_Exp3_Clean.csv_24,20,Female,NA,NA,NA
Constable_2019_EPHPP_Exp3,Constable_2019_EPHPP_Exp3_Clean.csv_25,18,Female,NA,NA,NA
Constable_2019_EPHPP_Exp3,Constable_2019_EPHPP_Exp3_Clean.csv_26,25,Female,NA,NA,NA
Constable_2019_EPHPP_Exp3,Constable_2019_EPHPP_Exp3_Clean.csv_27,25,Female,NA,NA,NA
Constable_2019_EPHPP_Exp3,Constable_2019_EPHPP_Exp3_Clean.csv_28,26,Male,NA,NA,NA
Constable_2020_CE_Exp1,Constable_2020_CE_Exp1_Clean.csv_1,24,Female,NA,NA,NA
Constable_2020_CE_Exp1,Constable_2020_CE_Exp1_Clean.csv_2,25,Male,NA,NA,NA
Constable_2020_CE_Exp1,Constable_2020_CE_Exp1_Clean.csv_3,22,Male,NA,NA,NA
Constable_2020_CE_Exp1,Constable_2020_CE_Exp1_Clean.csv_4,27,Female,NA,NA,NA
Constable_2020_CE_Exp1,Constable_2020_CE_Exp1_Clean.csv_5,26,Male,NA,NA,NA
Constable_2020_CE_Exp1,Constable_2020_CE_Exp1_Clean.csv_6,29,Female,NA,NA,NA
Constable_2020_CE_Exp1,Constable_2020_CE_Exp1_Clean.csv_7,26,Male,NA,NA,NA
Constable_2020_CE_Exp1,Constable_2020_CE_Exp1_Clean.csv_8,31,Female,NA,NA,NA
Constable_2020_CE_Exp1,Constable_2020_CE_Exp1_Clean.csv_9,23,Female,NA,NA,NA
Constable_2020_CE_Exp1,Constable_2020_CE_Exp1_Clean.csv_10,23,Female,NA,NA,NA
Constable_2020_CE_Exp1,Constable_2020_CE_Exp1_Clean.csv_11,23,Male,NA,NA,NA
Constable_2020_CE_Exp1,Constable_2020_CE_Exp1_Clean.csv_12,26,Female,NA,NA,NA
Constable_2020_CE_Exp1,Constable_2020_CE_Exp1_Clean.csv_13,18,Male,NA,NA,NA
Constable_2020_CE_Exp1,Constable_2020_CE_Exp1_Clean.csv_14,44,Female,NA,NA,NA
Constable_2020_CE_Exp1,Constable_2020_CE_Exp1_Clean.csv_15,23,Male,NA,NA,NA
Constable_2020_CE_Exp1,Constable_2020_CE_Exp1_Clean.csv_16,23,Male,NA,NA,NA
Constable_2020_CE_Exp1,Constable_2020_CE_Exp1_Clean.csv_17,26,Female,NA,NA,NA
Constable_2020_CE_Exp1,Constable_2020_CE_Exp1_Clean.csv_18,29,Male,NA,NA,NA
Constable_2020_CE_Exp1,Constable_2020_CE_Exp1_Clean.csv_19,28,Male,NA,NA,NA
Constable_2020_CE_Exp1,Constable_2020_CE_Exp1_Clean.csv_20,33,Female,NA,NA,NA
Constable_2020_CE_Exp1,Constable_2020_CE_Exp1_Clean.csv_21,20,Male,NA,NA,NA
Constable_2020_CE_Exp1,Constable_2020_CE_Exp1_Clean.csv_22,26,Female,NA,NA,NA
Constable_2020_CE_Exp1,Constable_2020_CE_Exp1_Clean.csv_23,28,Male,NA,NA,NA
Constable_2020_CE_Exp1,Constable_2020_CE_Exp1_Clean.csv_24,22,Female,NA,NA,NA
Constable_2020_CE_Exp1,Constable_2020_CE_Exp1_Clean.csv_25,26,Male,NA,NA,NA
Constable_2020_CE_Exp1,Constable_2020_CE_Exp1_Clean.csv_26,23,Female,NA,NA,NA
Constable_2020_CE_Exp1,Constable_2020_CE_Exp1_Clean.csv_27,21,Male,NA,NA,NA
Constable_2020_CE_Exp1,Constable_2020_CE_Exp1_Clean.csv_28,23,Female,NA,NA,NA
Constable_2020_CE_Exp1,Constable_2020_CE_Exp1_Clean.csv_29,28,Male,NA,NA,NA
Constable_2020_CE_Exp1,Constable_2020_CE_Exp1_Clean.csv_30,19,Female,NA,NA,NA
Constable_2020_CE_Exp1,Constable_2020_CE_Exp1_Clean.csv_31,23,Male,NA,NA,NA
Constable_2020_CE_Exp1,Constable_2020_CE_Exp1_Clean.csv_32,25,Male,NA,NA,NA
Constable_2020_CE_Exp1,Constable_2020_CE_Exp1_Clean.csv_33,26,Female,NA,NA,NA
Constable_2020_CE_Exp1,Constable_2020_CE_Exp1_Clean.csv_34,22,Female,NA,NA,NA
Constable_2020_CE_Exp1,Constable_2020_CE_Exp1_Clean.csv_35,26,Male,NA,NA,NA
Constable_2020_CE_Exp1,Constable_2020_CE_Exp1_Clean.csv_36,23,Male,NA,NA,NA
Constable_2020_CE_Exp1,Constable_2020_CE_Exp1_Clean.csv_37,22,Female,NA,NA,NA
Constable_2020_CE_Exp1,Constable_2020_CE_Exp1_Clean.csv_38,18,Female,NA,NA,NA
Constable_2020_CE_Exp1,Constable_2020_CE_Exp1_Clean.csv_39,23,Female,NA,NA,NA
Constable_2020_CE_Exp1,Constable_2020_CE_Exp1_Clean.csv_40,18,Male,NA,NA,NA
Constable_2020_CE_Exp1,Constable_2020_CE_Exp1_Clean.csv_41,21,Male,NA,NA,NA
Constable_2020_CE_Exp1,Constable_2020_CE_Exp1_Clean.csv_42,25,Female,NA,NA,NA
Constable_2020_CE_Exp1,Constable_2020_CE_Exp1_Clean.csv_43,28,Female,NA,NA,NA
Constable_2020_CE_Exp1,Constable_2020_CE_Exp1_Clean.csv_44,20,Female,NA,NA,NA
Constable_2020_CE_Exp1,Constable_2020_CE_Exp1_Clean.csv_45,25,Female,NA,NA,NA
Constable_2020_CE_Exp1,Constable_2020_CE_Exp1_Clean.csv_46,27,Male,NA,NA,NA
Constable_2020_CE_Exp1,Constable_2020_CE_Exp1_Clean.csv_47,20,Female,NA,NA,NA
Constable_2020_CE_Exp1,Constable_2020_CE_Exp1_Clean.csv_48,21,Female,NA,NA,NA
Constable_2020_CE_Exp1,Constable_2020_CE_Exp1_Clean.csv_49,30,Male,NA,NA,NA
Constable_2020_CE_Exp1,Constable_2020_CE_Exp1_Clean.csv_50,19,Male,NA,NA,NA
Constable_2020_CE_Exp1,Constable_2020_CE_Exp1_Clean.csv_51,22,Female,NA,NA,NA
Constable_2020_CE_Exp1,Constable_2020_CE_Exp1_Clean.csv_52,21,Female,NA,NA,NA
Constable_2020_CE_Exp1,Constable_2020_CE_Exp1_Clean.csv_53,22,Female,NA,NA,NA
Constable_2020_CE_Exp1,Constable_2020_CE_Exp1_Clean.csv_54,20,Male,NA,NA,NA
Constable_2020_CE_Exp1,Constable_2020_CE_Exp1_Clean.csv_55,22,Female,NA,NA,NA
Constable_2020_CE_Exp1,Constable_2020_CE_Exp1_Clean.csv_56,29,Female,NA,NA,NA
Constable_2020_CE_Exp2,Constable_2020_CE_Exp2_Clean.csv_1,24,Male,NA,NA,NA
Constable_2020_CE_Exp2,Constable_2020_CE_Exp2_Clean.csv_2,32,Male,NA,NA,NA
Constable_2020_CE_Exp2,Constable_2020_CE_Exp2_Clean.csv_3,27,Male,NA,NA,NA
Constable_2020_CE_Exp2,Constable_2020_CE_Exp2_Clean.csv_4,26,Female,NA,NA,NA
Constable_2020_CE_Exp2,Constable_2020_CE_Exp2_Clean.csv_5,21,Male,NA,NA,NA
Constable_2020_CE_Exp2,Constable_2020_CE_Exp2_Clean.csv_6,30,Male,NA,NA,NA
Constable_2020_CE_Exp2,Constable_2020_CE_Exp2_Clean.csv_7,20,Female,NA,NA,NA
Constable_2020_CE_Exp2,Constable_2020_CE_Exp2_Clean.csv_8,27,Female,NA,NA,NA
Constable_2020_CE_Exp2,Constable_2020_CE_Exp2_Clean.csv_9,27,Female,NA,NA,NA
Constable_2020_CE_Exp2,Constable_2020_CE_Exp2_Clean.csv_10,22,Female,NA,NA,NA
Constable_2020_CE_Exp2,Constable_2020_CE_Exp2_Clean.csv_11,18,Female,NA,NA,NA
Constable_2020_CE_Exp2,Constable_2020_CE_Exp2_Clean.csv_12,23,Male,NA,NA,NA
Constable_2020_CE_Exp2,Constable_2020_CE_Exp2_Clean.csv_13,20,Female,NA,NA,NA
Constable_2020_CE_Exp2,Constable_2020_CE_Exp2_Clean.csv_14,26,Male,NA,NA,NA
Constable_2020_CE_Exp2,Constable_2020_CE_Exp2_Clean.csv_15,25,Male,NA,NA,NA
Constable_2020_CE_Exp2,Constable_2020_CE_Exp2_Clean.csv_16,22,Female,NA,NA,NA
Constable_2020_CE_Exp2,Constable_2020_CE_Exp2_Clean.csv_17,32,Female,NA,NA,NA
Constable_2020_CE_Exp2,Constable_2020_CE_Exp2_Clean.csv_18,18,Female,NA,NA,NA
Constable_2020_CE_Exp2,Constable_2020_CE_Exp2_Clean.csv_19,37,Male,NA,NA,NA
Constable_2020_CE_Exp2,Constable_2020_CE_Exp2_Clean.csv_20,18,Female,NA,NA,NA
Constable_2020_CE_Exp2,Constable_2020_CE_Exp2_Clean.csv_21,21,Male,NA,NA,NA
Constable_2020_CE_Exp2,Constable_2020_CE_Exp2_Clean.csv_22,31,Male,NA,NA,NA
Constable_2020_CE_Exp2,Constable_2020_CE_Exp2_Clean.csv_23,25,Male,NA,NA,NA
Constable_2020_CE_Exp2,Constable_2020_CE_Exp2_Clean.csv_24,23,Male,NA,NA,NA
Constable_2020_CE_Exp2,Constable_2020_CE_Exp2_Clean.csv_25,19,Male,NA,NA,NA
Constable_2020_CE_Exp2,Constable_2020_CE_Exp2_Clean.csv_26,19,Male,NA,NA,NA
Constable_2020_CE_Exp2,Constable_2020_CE_Exp2_Clean.csv_27,24,Male,NA,NA,NA
Constable_2020_CE_Exp2,Constable_2020_CE_Exp2_Clean.csv_28,31,Male,NA,NA,NA
Constable_2020_CE_Exp2,Constable_2020_CE_Exp2_Clean.csv_29,22,Female,NA,NA,NA
Constable_2020_CE_Exp2,Constable_2020_CE_Exp2_Clean.csv_30,23,Female,NA,NA,NA
Constable_2020_CE_Exp2,Constable_2020_CE_Exp2_Clean.csv_31,24,Male,NA,NA,NA
Constable_2020_CE_Exp2,Constable_2020_CE_Exp2_Clean.csv_32,22,Female,NA,NA,NA
Constable_2020_CE_Exp2,Constable_2020_CE_Exp2_Clean.csv_33,31,Male,NA,NA,NA
Constable_2020_CE_Exp2,Constable_2020_CE_Exp2_Clean.csv_35,28,Female,NA,NA,NA
Constable_2020_CE_Exp2,Constable_2020_CE_Exp2_Clean.csv_36,28,Male,NA,NA,NA
Constable_2020_CE_Exp2,Constable_2020_CE_Exp2_Clean.csv_37,18,Female,NA,NA,NA
Constable_2020_CE_Exp2,Constable_2020_CE_Exp2_Clean.csv_38,23,Male,NA,NA,NA
Constable_2020_CE_Exp2,Constable_2020_CE_Exp2_Clean.csv_39,23,Female,NA,NA,NA
Constable_2020_CE_Exp2,Constable_2020_CE_Exp2_Clean.csv_40,22,Female,NA,NA,NA
Constable_2020_CE_Exp2,Constable_2020_CE_Exp2_Clean.csv_41,24,Female,NA,NA,NA
Constable_2020_CE_Exp2,Constable_2020_CE_Exp2_Clean.csv_42,27,Female,NA,NA,NA
Constable_2020_CE_Exp2,Constable_2020_CE_Exp2_Clean.csv_43,22,Male,NA,NA,NA
Constable_2020_CE_Exp2,Constable_2020_CE_Exp2_Clean.csv_44,23,Male,NA,NA,NA
Constable_2020_CE_Exp2,Constable_2020_CE_Exp2_Clean.csv_45,30,Female,NA,NA,NA
Constable_2020_CE_Exp2,Constable_2020_CE_Exp2_Clean.csv_46,23,Female,NA,NA,NA
Constable_2020_CE_Exp2,Constable_2020_CE_Exp2_Clean.csv_47,31,Female,NA,NA,NA
Constable_2020_CE_Exp2,Constable_2020_CE_Exp2_Clean.csv_48,25,Female,NA,NA,NA
Constable_2020_CE_Exp2,Constable_2020_CE_Exp2_Clean.csv_49,24,Male,NA,NA,NA
Constable_2020_CE_Exp2,Constable_2020_CE_Exp2_Clean.csv_50,19,Male,NA,NA,NA
Constable_2020_CE_Exp2,Constable_2020_CE_Exp2_Clean.csv_51,23,Female,NA,NA,NA
Constable_2020_CE_Exp2,Constable_2020_CE_Exp2_Clean.csv_52,23,Female,NA,NA,NA
Constable_2020_CE_Exp2,Constable_2020_CE_Exp2_Clean.csv_53,21,Female,NA,NA,NA
Constable_2020_CE_Exp2,Constable_2020_CE_Exp2_Clean.csv_54,28,Male,NA,NA,NA
Constable_2020_CE_Exp2,Constable_2020_CE_Exp2_Clean.csv_55,19,Male,NA,NA,NA
Constable_2020_CE_Exp2,Constable_2020_CE_Exp2_Clean.csv_56,24,Female,NA,NA,NA
Dalmaso_2024_CC_Exp1,Dalmaso_2024_CC_Exp1_Clean.csv_1,20,Female,NA,NA,NA
Dalmaso_2024_CC_Exp1,Dalmaso_2024_CC_Exp1_Clean.csv_2,21,Male,NA,NA,NA
Dalmaso_2024_CC_Exp1,Dalmaso_2024_CC_Exp1_Clean.csv_3,19,Female,NA,NA,NA
Dalmaso_2024_CC_Exp1,Dalmaso_2024_CC_Exp1_Clean.csv_4,21,Male,NA,NA,NA
Dalmaso_2024_CC_Exp1,Dalmaso_2024_CC_Exp1_Clean.csv_5,26,Female,NA,NA,NA
Dalmaso_2024_CC_Exp1,Dalmaso_2024_CC_Exp1_Clean.csv_6,20,Female,NA,NA,NA
Dalmaso_2024_CC_Exp1,Dalmaso_2024_CC_Exp1_Clean.csv_7,20,Male,NA,NA,NA
Dalmaso_2024_CC_Exp1,Dalmaso_2024_CC_Exp1_Clean.csv_8,21,Female,NA,NA,NA
Dalmaso_2024_CC_Exp1,Dalmaso_2024_CC_Exp1_Clean.csv_9,22,Female,NA,NA,NA
Dalmaso_2024_CC_Exp1,Dalmaso_2024_CC_Exp1_Clean.csv_10,22,Male,NA,NA,NA
Dalmaso_2024_CC_Exp1,Dalmaso_2024_CC_Exp1_Clean.csv_11,20,Female,NA,NA,NA
Dalmaso_2024_CC_Exp1,Dalmaso_2024_CC_Exp1_Clean.csv_12,23,Male,NA,NA,NA
Dalmaso_2024_CC_Exp1,Dalmaso_2024_CC_Exp1_Clean.csv_13,22,Male,NA,NA,NA
Dalmaso_2024_CC_Exp1,Dalmaso_2024_CC_Exp1_Clean.csv_15,20,Female,NA,NA,NA
Dalmaso_2024_CC_Exp1,Dalmaso_2024_CC_Exp1_Clean.csv_16,22,Male,NA,NA,NA
Dalmaso_2024_CC_Exp1,Dalmaso_2024_CC_Exp1_Clean.csv_17,20,Female,NA,NA,NA
Dalmaso_2024_CC_Exp1,Dalmaso_2024_CC_Exp1_Clean.csv_18,20,Female,NA,NA,NA
Dalmaso_2024_CC_Exp1,Dalmaso_2024_CC_Exp1_Clean.csv_19,22,Male,NA,NA,NA
Dalmaso_2024_CC_Exp1,Dalmaso_2024_CC_Exp1_Clean.csv_20,19,Male,NA,NA,NA
Dalmaso_2024_CC_Exp1,Dalmaso_2024_CC_Exp1_Clean.csv_21,19,Female,NA,NA,NA
Dalmaso_2024_CC_Exp1,Dalmaso_2024_CC_Exp1_Clean.csv_22,22,Male,NA,NA,NA
Dalmaso_2024_CC_Exp1,Dalmaso_2024_CC_Exp1_Clean.csv_23,20,Male,NA,NA,NA
Dalmaso_2024_CC_Exp1,Dalmaso_2024_CC_Exp1_Clean.csv_24,22,Female,NA,NA,NA
Dalmaso_2024_CC_Exp1,Dalmaso_2024_CC_Exp1_Clean.csv_25,19,Male,NA,NA,NA
Dalmaso_2024_CC_Exp1,Dalmaso_2024_CC_Exp1_Clean.csv_26,21,Female,NA,NA,NA
Dalmaso_2024_CC_Exp1,Dalmaso_2024_CC_Exp1_Clean.csv_27,22,Female,NA,NA,NA
Dalmaso_2024_CC_Exp1,Dalmaso_2024_CC_Exp1_Clean.csv_28,22,Male,NA,NA,NA
Dalmaso_2024_CC_Exp1,Dalmaso_2024_CC_Exp1_Clean.csv_29,21,Female,NA,NA,NA
Dalmaso_2024_CC_Exp1,Dalmaso_2024_CC_Exp1_Clean.csv_30,20,Male,NA,NA,NA
Dalmaso_2024_CC_Exp1,Dalmaso_2024_CC_Exp1_Clean.csv_31,20,Male,NA,NA,NA
Dalmaso_2024_CC_Exp1,Dalmaso_2024_CC_Exp1_Clean.csv_32,20,Female,NA,NA,NA
Dalmaso_2024_CC_Exp1,Dalmaso_2024_CC_Exp1_Clean.csv_33,19,Female,NA,NA,NA
Dalmaso_2024_CC_Exp1,Dalmaso_2024_CC_Exp1_Clean.csv_34,19,Female,NA,NA,NA
Dalmaso_2024_CC_Exp1,Dalmaso_2024_CC_Exp1_Clean.csv_35,19,Female,NA,NA,NA
Dalmaso_2024_CC_Exp1,Dalmaso_2024_CC_Exp1_Clean.csv_36,22,Male,NA,NA,NA
Dalmaso_2024_CC_Exp1,Dalmaso_2024_CC_Exp1_Clean.csv_37,20,Female,NA,NA,NA
Dalmaso_2024_CC_Exp1,Dalmaso_2024_CC_Exp1_Clean.csv_38,19,Female,NA,NA,NA
Dalmaso_2024_CC_Exp1,Dalmaso_2024_CC_Exp1_Clean.csv_39,23,Male,NA,NA,NA
Dalmaso_2024_CC_Exp1,Dalmaso_2024_CC_Exp1_Clean.csv_40,21,Male,NA,NA,NA
Feldborg_2021_ERPH_Exp1,Feldborg_2021_ERPH_Exp1_Clean.csv_18080,22,Female,NA,NA,NA
Feldborg_2021_ERPH_Exp1,Feldborg_2021_ERPH_Exp1_Clean.csv_18083,34,Female,NA,NA,NA
Feldborg_2021_ERPH_Exp1,Feldborg_2021_ERPH_Exp1_Clean.csv_18088,18,Female,NA,NA,NA
Feldborg_2021_ERPH_Exp1,Feldborg_2021_ERPH_Exp1_Clean.csv_18091,22,Male,NA,NA,NA
Feldborg_2021_ERPH_Exp1,Feldborg_2021_ERPH_Exp1_Clean.csv_18101,19,Female,NA,NA,NA
Feldborg_2021_ERPH_Exp1,Feldborg_2021_ERPH_Exp1_Clean.csv_18114,24,Female,NA,NA,NA
Feldborg_2021_ERPH_Exp1,Feldborg_2021_ERPH_Exp1_Clean.csv_18117,19,Female,NA,NA,NA
Feldborg_2021_ERPH_Exp1,Feldborg_2021_ERPH_Exp1_Clean.csv_18135,20,Female,NA,NA,NA
Feldborg_2021_ERPH_Exp1,Feldborg_2021_ERPH_Exp1_Clean.csv_18139,20,Female,NA,NA,NA
Feldborg_2021_ERPH_Exp1,Feldborg_2021_ERPH_Exp1_Clean.csv_18147,20,Female,NA,NA,NA
Feldborg_2021_ERPH_Exp1,Feldborg_2021_ERPH_Exp1_Clean.csv_18154,21,Female,NA,NA,NA
Feldborg_2021_ERPH_Exp1,Feldborg_2021_ERPH_Exp1_Clean.csv_18158,19,Female,NA,NA,NA
Feldborg_2021_ERPH_Exp1,Feldborg_2021_ERPH_Exp1_Clean.csv_18173,21,Female,NA,NA,NA
Feldborg_2021_ERPH_Exp1,Feldborg_2021_ERPH_Exp1_Clean.csv_18198,21,Male,NA,NA,NA
Feldborg_2021_ERPH_Exp1,Feldborg_2021_ERPH_Exp1_Clean.csv_18213,19,Female,NA,NA,NA
Feldborg_2021_ERPH_Exp1,Feldborg_2021_ERPH_Exp1_Clean.csv_18217,18,Female,NA,NA,NA
Feldborg_2021_ERPH_Exp1,Feldborg_2021_ERPH_Exp1_Clean.csv_18219,23,Female,NA,NA,NA
Feldborg_2021_ERPH_Exp1,Feldborg_2021_ERPH_Exp1_Clean.csv_18220,19,Female,NA,NA,NA
Feldborg_2021_ERPH_Exp1,Feldborg_2021_ERPH_Exp1_Clean.csv_18238,20,Female,NA,NA,NA
Feldborg_2021_ERPH_Exp1,Feldborg_2021_ERPH_Exp1_Clean.csv_18240,19,Female,NA,NA,NA
Feldborg_2021_ERPH_Exp1,Feldborg_2021_ERPH_Exp1_Clean.csv_18253,20,Female,NA,NA,NA
Feldborg_2021_ERPH_Exp1,Feldborg_2021_ERPH_Exp1_Clean.csv_18259,18,Female,NA,NA,NA
Feldborg_2021_ERPH_Exp1,Feldborg_2021_ERPH_Exp1_Clean.csv_18262,18,Female,NA,NA,NA
Feldborg_2021_ERPH_Exp1,Feldborg_2021_ERPH_Exp1_Clean.csv_18284,21,Female,NA,NA,NA
Feldborg_2021_ERPH_Exp1,Feldborg_2021_ERPH_Exp1_Clean.csv_18287,18,Female,NA,NA,NA
Feldborg_2021_ERPH_Exp1,Feldborg_2021_ERPH_Exp1_Clean.csv_18297,22,Female,NA,NA,NA
Feldborg_2021_ERPH_Exp1,Feldborg_2021_ERPH_Exp1_Clean.csv_18326,18,Female,NA,NA,NA
Feldborg_2021_ERPH_Exp1,Feldborg_2021_ERPH_Exp1_Clean.csv_18339,18,Female,NA,NA,NA
Feldborg_2021_ERPH_Exp1,Feldborg_2021_ERPH_Exp1_Clean.csv_18351,18,Female,NA,NA,NA
Feldborg_2021_ERPH_Exp1,Feldborg_2021_ERPH_Exp1_Clean.csv_18358,21,Female,NA,NA,NA
Feldborg_2021_ERPH_Exp1,Feldborg_2021_ERPH_Exp1_Clean.csv_18360,23,Female,NA,NA,NA
Feldborg_2021_ERPH_Exp1,Feldborg_2021_ERPH_Exp1_Clean.csv_18376,20,Female,NA,NA,NA
Feldborg_2021_ERPH_Exp1,Feldborg_2021_ERPH_Exp1_Clean.csv_18378,21,Female,NA,NA,NA
Feldborg_2021_ERPH_Exp1,Feldborg_2021_ERPH_Exp1_Clean.csv_18380,20,Female,NA,NA,NA
Feldborg_2021_ERPH_Exp1,Feldborg_2021_ERPH_Exp1_Clean.csv_18405,21,Female,NA,NA,NA
Feldborg_2021_ERPH_Exp1,Feldborg_2021_ERPH_Exp1_Clean.csv_18409,18,Female,NA,NA,NA
Feldborg_2021_ERPH_Exp1,Feldborg_2021_ERPH_Exp1_Clean.csv_18410,21,Female,NA,NA,NA
Feldborg_2021_ERPH_Exp1,Feldborg_2021_ERPH_Exp1_Clean.csv_18413,21,Female,NA,NA,NA
Feldborg_2021_ERPH_Exp1,Feldborg_2021_ERPH_Exp1_Clean.csv_18417,19,Male,NA,NA,NA
Feldborg_2021_ERPH_Exp1,Feldborg_2021_ERPH_Exp1_Clean.csv_18418,21,Female,NA,NA,NA
Feldborg_2021_ERPH_Exp1,Feldborg_2021_ERPH_Exp1_Clean.csv_18427,21,Female,NA,NA,NA
Feldborg_2021_ERPH_Exp1,Feldborg_2021_ERPH_Exp1_Clean.csv_18435,20,Female,NA,NA,NA
Feldborg_2021_ERPH_Exp1,Feldborg_2021_ERPH_Exp1_Clean.csv_18436,23,Female,NA,NA,NA
Feldborg_2021_ERPH_Exp1,Feldborg_2021_ERPH_Exp1_Clean.csv_18454,22,Male,NA,NA,NA
Feldborg_2021_ERPH_Exp1,Feldborg_2021_ERPH_Exp1_Clean.csv_18455,22,Other,NA,NA,NA
Feldborg_2021_ERPH_Exp1,Feldborg_2021_ERPH_Exp1_Clean.csv_18457,23,Female,NA,NA,NA
Feldborg_2021_ERPH_Exp1,Feldborg_2021_ERPH_Exp1_Clean.csv_18468,26,Male,NA,NA,NA
Feldborg_2021_ERPH_Exp1,Feldborg_2021_ERPH_Exp1_Clean.csv_18477,20,Female,NA,NA,NA
Feldborg_2021_ERPH_Exp1,Feldborg_2021_ERPH_Exp1_Clean.csv_18482,31,Female,NA,NA,NA
Feldborg_2021_ERPH_Exp1,Feldborg_2021_ERPH_Exp1_Clean.csv_18483,21,Female,NA,NA,NA
Feldborg_2021_ERPH_Exp1,Feldborg_2021_ERPH_Exp1_Clean.csv_18496,21,Female,NA,NA,NA
Feldborg_2021_ERPH_Exp1,Feldborg_2021_ERPH_Exp1_Clean.csv_18499,22,Male,NA,NA,NA
Feldborg_2021_ERPH_Exp1,Feldborg_2021_ERPH_Exp1_Clean.csv_18504,19,Female,NA,NA,NA
Feldborg_2021_ERPH_Exp1,Feldborg_2021_ERPH_Exp1_Clean.csv_18507,23,Female,NA,NA,NA
Feldborg_2021_ERPH_Exp1,Feldborg_2021_ERPH_Exp1_Clean.csv_18536,22,Female,NA,NA,NA
Feldborg_2021_ERPH_Exp1,Feldborg_2021_ERPH_Exp1_Clean.csv_18540,20,Female,NA,NA,NA
Feldborg_2021_ERPH_Exp1,Feldborg_2021_ERPH_Exp1_Clean.csv_18551,21,Female,NA,NA,NA
Feldborg_2021_ERPH_Exp1,Feldborg_2021_ERPH_Exp1_Clean.csv_18553,22,Female,NA,NA,NA
Feldborg_2021_ERPH_Exp1,Feldborg_2021_ERPH_Exp1_Clean.csv_18556,21,Female,NA,NA,NA
Feldborg_2021_ERPH_Exp1,Feldborg_2021_ERPH_Exp1_Clean.csv_18565,23,Male,NA,NA,NA
Feldborg_2021_ERPH_Exp1,Feldborg_2021_ERPH_Exp1_Clean.csv_18568,21,Female,NA,NA,NA
Feldborg_2021_ERPH_Exp1,Feldborg_2021_ERPH_Exp1_Clean.csv_18574,20,Female,NA,NA,NA
Feldborg_2021_ERPH_Exp1,Feldborg_2021_ERPH_Exp1_Clean.csv_18576,18,Female,NA,NA,NA
Feldborg_2021_ERPH_Exp1,Feldborg_2021_ERPH_Exp1_Clean.csv_18585,23,Female,NA,NA,NA
Feldborg_2021_ERPH_Exp1,Feldborg_2021_ERPH_Exp1_Clean.csv_18588,20,Female,NA,NA,NA
Feldborg_2021_ERPH_Exp1,Feldborg_2021_ERPH_Exp1_Clean.csv_18592,51,Female,NA,NA,NA
Feldborg_2021_ERPH_Exp1,Feldborg_2021_ERPH_Exp1_Clean.csv_18594,20,Female,NA,NA,NA
Feldborg_2021_ERPH_Exp1,Feldborg_2021_ERPH_Exp1_Clean.csv_18623,21,Female,NA,NA,NA
Feldborg_2021_ERPH_Exp1,Feldborg_2021_ERPH_Exp1_Clean.csv_18635,19,Female,NA,NA,NA
Feldborg_2021_ERPH_Exp1,Feldborg_2021_ERPH_Exp1_Clean.csv_18647,19,Female,NA,NA,NA
Feldborg_2021_ERPH_Exp1,Feldborg_2021_ERPH_Exp1_Clean.csv_18649,19,Female,NA,NA,NA
Feldborg_2021_ERPH_Exp1,Feldborg_2021_ERPH_Exp1_Clean.csv_18650,20,Male,NA,NA,NA
Feldborg_2021_ERPH_Exp1,Feldborg_2021_ERPH_Exp1_Clean.csv_18673,20,Male,NA,NA,NA
Feldborg_2021_ERPH_Exp1,Feldborg_2021_ERPH_Exp1_Clean.csv_18679,18,Female,NA,NA,NA
Feldborg_2021_ERPH_Exp1,Feldborg_2021_ERPH_Exp1_Clean.csv_18684,20,Female,NA,NA,NA
Feldborg_2021_ERPH_Exp1,Feldborg_2021_ERPH_Exp1_Clean.csv_18692,21,Female,NA,NA,NA
Feldborg_2021_ERPH_Exp1,Feldborg_2021_ERPH_Exp1_Clean.csv_18698,18,Male,NA,NA,NA
Feldborg_2021_ERPH_Exp1,Feldborg_2021_ERPH_Exp1_Clean.csv_18701,20,Female,NA,NA,NA
Feldborg_2021_ERPH_Exp1,Feldborg_2021_ERPH_Exp1_Clean.csv_18703,28,Male,NA,NA,NA
Feldborg_2021_ERPH_Exp1,Feldborg_2021_ERPH_Exp1_Clean.csv_18708,18,Female,NA,NA,NA
Feldborg_2021_ERPH_Exp1,Feldborg_2021_ERPH_Exp1_Clean.csv_18747,20,Female,NA,NA,NA
Feldborg_2021_ERPH_Exp1,Feldborg_2021_ERPH_Exp1_Clean.csv_104927757,23,Female,NA,NA,NA
Feldborg_2021_ERPH_Exp1,Feldborg_2021_ERPH_Exp1_Clean.csv_106269622,25,Female,NA,NA,NA
Feldborg_2021_ERPH_Exp1,Feldborg_2021_ERPH_Exp1_Clean.csv_168705098,22,Female,NA,NA,NA
Feldborg_2021_ERPH_Exp1,Feldborg_2021_ERPH_Exp1_Clean.csv_195700315,20,Female,NA,NA,NA
Feldborg_2021_ERPH_Exp1,Feldborg_2021_ERPH_Exp1_Clean.csv_387884391,22,Female,NA,NA,NA
Feldborg_2021_ERPH_Exp1,Feldborg_2021_ERPH_Exp1_Clean.csv_469532640,26,Female,NA,NA,NA
Feldborg_2021_ERPH_Exp1,Feldborg_2021_ERPH_Exp1_Clean.csv_572691879,22,Female,NA,NA,NA
Feldborg_2021_ERPH_Exp1,Feldborg_2021_ERPH_Exp1_Clean.csv_589531619,23,Male,NA,NA,NA
Feldborg_2021_ERPH_Exp1,Feldborg_2021_ERPH_Exp1_Clean.csv_940649536,24,Male,NA,NA,NA
Hu_2023_Exp1,Hu_2023_Exp1_Clean.csv_6201,21,Male,geometric shape,China,Nanjing
Hu_2023_Exp1,Hu_2023_Exp1_Clean.csv_6202,23,Male,geometric shape,China,Nanjing
Hu_2023_Exp1,Hu_2023_Exp1_Clean.csv_6203,21,Male,geometric shape,China,Nanjing
Hu_2023_Exp1,Hu_2023_Exp1_Clean.csv_6204,22,Male,geometric shape,China,Nanjing
Hu_2023_Exp1,Hu_2023_Exp1_Clean.csv_6206,28,Male,geometric shape,China,Nanjing
Hu_2023_Exp1,Hu_2023_Exp1_Clean.csv_6207,21,Female,geometric shape,China,Nanjing
Hu_2023_Exp1,Hu_2023_Exp1_Clean.csv_6208,23,Female,geometric shape,China,Nanjing
Hu_2023_Exp1,Hu_2023_Exp1_Clean.csv_6210,23,Female,geometric shape,China,Nanjing
Hu_2023_Exp1,Hu_2023_Exp1_Clean.csv_6211,23,Female,geometric shape,China,Nanjing
Hu_2023_Exp1,Hu_2023_Exp1_Clean.csv_6212,21,Male,geometric shape,China,Nanjing
Hu_2023_Exp1,Hu_2023_Exp1_Clean.csv_6213,21,Female,geometric shape,China,Nanjing
Hu_2023_Exp1,Hu_2023_Exp1_Clean.csv_6214,24,Female,geometric shape,China,Nanjing
Hu_2023_Exp1,Hu_2023_Exp1_Clean.csv_6215,22,Female,geometric shape,China,Nanjing
Hu_2023_Exp1,Hu_2023_Exp1_Clean.csv_6216,18,Male,geometric shape,China,Nanjing
Hu_2023_Exp1,Hu_2023_Exp1_Clean.csv_6217,25,Male,geometric shape,China,Nanjing
Hu_2023_Exp1,Hu_2023_Exp1_Clean.csv_6218,22,Male,geometric shape,China,Nanjing
Hu_2023_Exp1,Hu_2023_Exp1_Clean.csv_6219,27,Male,geometric shape,China,Nanjing
Hu_2023_Exp1,Hu_2023_Exp1_Clean.csv_6220,27,Male,geometric shape,China,Nanjing
Hu_2023_Exp1,Hu_2023_Exp1_Clean.csv_6221,23,Male,geometric shape,China,Nanjing
Hu_2023_Exp1,Hu_2023_Exp1_Clean.csv_6222,26,Female,geometric shape,China,Nanjing
Martinez-Perez_2024_CC_Exp2,Martinez-Perez_2024_CC_Exp2_Clean.csv_2832782,22,Female,NA,NA,NA
Martinez-Perez_2024_CC_Exp2,Martinez-Perez_2024_CC_Exp2_Clean.csv_5390520,18,Female,NA,NA,NA
Martinez-Perez_2024_CC_Exp2,Martinez-Perez_2024_CC_Exp2_Clean.csv_6121887,17,Female,NA,NA,NA
Martinez-Perez_2024_CC_Exp2,Martinez-Perez_2024_CC_Exp2_Clean.csv_9341983,21,Female,NA,NA,NA
Martinez-Perez_2024_CC_Exp2,Martinez-Perez_2024_CC_Exp2_Clean.csv_23061227,20,Female,NA,NA,NA
Martinez-Perez_2024_CC_Exp2,Martinez-Perez_2024_CC_Exp2_Clean.csv_23334772,21,Male,NA,NA,NA
Martinez-Perez_2024_CC_Exp2,Martinez-Perez_2024_CC_Exp2_Clean.csv_23835869,20,Female,NA,NA,NA
Martinez-Perez_2024_CC_Exp2,Martinez-Perez_2024_CC_Exp2_Clean.csv_24408280,21,Female,NA,NA,NA
Martinez-Perez_2024_CC_Exp2,Martinez-Perez_2024_CC_Exp2_Clean.csv_24418398,21,Male,NA,NA,NA
Martinez-Perez_2024_CC_Exp2,Martinez-Perez_2024_CC_Exp2_Clean.csv_24418581,20,Female,NA,NA,NA
Martinez-Perez_2024_CC_Exp2,Martinez-Perez_2024_CC_Exp2_Clean.csv_26619665,18,Female,NA,NA,NA
Martinez-Perez_2024_CC_Exp2,Martinez-Perez_2024_CC_Exp2_Clean.csv_48129636,20,Female,NA,NA,NA
Martinez-Perez_2024_CC_Exp2,Martinez-Perez_2024_CC_Exp2_Clean.csv_48156899,20,Female,NA,NA,NA
Martinez-Perez_2024_CC_Exp2,Martinez-Perez_2024_CC_Exp2_Clean.csv_48261328,21,Female,NA,NA,NA
Martinez-Perez_2024_CC_Exp2,Martinez-Perez_2024_CC_Exp2_Clean.csv_48699889,28,Female,NA,NA,NA
Martinez-Perez_2024_CC_Exp2,Martinez-Perez_2024_CC_Exp2_Clean.csv_48702114,21,Male,NA,NA,NA
Martinez-Perez_2024_CC_Exp2,Martinez-Perez_2024_CC_Exp2_Clean.csv_48742438,21,Female,NA,NA,NA
Martinez-Perez_2024_CC_Exp2,Martinez-Perez_2024_CC_Exp2_Clean.csv_48743215,23,Male,NA,NA,NA
Martinez-Perez_2024_CC_Exp2,Martinez-Perez_2024_CC_Exp2_Clean.csv_48744831,18,Female,NA,NA,NA
Martinez-Perez_2024_CC_Exp2,Martinez-Perez_2024_CC_Exp2_Clean.csv_48755705,20,Male,NA,NA,NA
Martinez-Perez_2024_CC_Exp2,Martinez-Perez_2024_CC_Exp2_Clean.csv_48791497,19,Female,NA,NA,NA
Martinez-Perez_2024_CC_Exp2,Martinez-Perez_2024_CC_Exp2_Clean.csv_48840021,19,Female,NA,NA,NA
Martinez-Perez_2024_CC_Exp2,Martinez-Perez_2024_CC_Exp2_Clean.csv_48845508,23,Female,NA,NA,NA
Martinez-Perez_2024_CC_Exp2,Martinez-Perez_2024_CC_Exp2_Clean.csv_48848108,19,Female,NA,NA,NA
Martinez-Perez_2024_CC_Exp2,Martinez-Perez_2024_CC_Exp2_Clean.csv_49183336,21,Female,NA,NA,NA
Martinez-Perez_2024_CC_Exp2,Martinez-Perez_2024_CC_Exp2_Clean.csv_49196800,19,Female,NA,NA,NA
Martinez-Perez_2024_CC_Exp2,Martinez-Perez_2024_CC_Exp2_Clean.csv_49198247,19,Female,NA,NA,NA
Martinez-Perez_2024_CC_Exp2,Martinez-Perez_2024_CC_Exp2_Clean.csv_49273693,19,Female,NA,NA,NA
Martinez-Perez_2024_CC_Exp2,Martinez-Perez_2024_CC_Exp2_Clean.csv_49276164,20,Female,NA,NA,NA
Martinez-Perez_2024_CC_Exp2,Martinez-Perez_2024_CC_Exp2_Clean.csv_49338547,19,Female,NA,NA,NA
Martinez-Perez_2024_CC_Exp2,Martinez-Perez_2024_CC_Exp2_Clean.csv_54809786,21,Female,NA,NA,NA
Martinez-Perez_2024_CC_Exp2,Martinez-Perez_2024_CC_Exp2_Clean.csv_55140937,19,Female,NA,NA,NA
Navon_2021_Exp1,Navon_2021_Exp1_Clean.csv_1,36,Female,geometric shape,Israel,Ra'anana
Navon_2021_Exp1,Navon_2021_Exp1_Clean.csv_3,26,Male,geometric shape,Israel,Ra'anana
Navon_2021_Exp1,Navon_2021_Exp1_Clean.csv_8,27,Female,geometric shape,Israel,Ra'anana
Navon_2021_Exp1,Navon_2021_Exp1_Clean.csv_9,24,Female,geometric shape,Israel,Ra'anana
Navon_2021_Exp1,Navon_2021_Exp1_Clean.csv_10,21,Female,geometric shape,Israel,Ra'anana
Navon_2021_Exp1,Navon_2021_Exp1_Clean.csv_11,22,Male,geometric shape,Israel,Ra'anana
Navon_2021_Exp1,Navon_2021_Exp1_Clean.csv_12,27,Female,geometric shape,Israel,Ra'anana
Navon_2021_Exp1,Navon_2021_Exp1_Clean.csv_13,34,Female,geometric shape,Israel,Ra'anana
Navon_2021_Exp1,Navon_2021_Exp1_Clean.csv_14,36,Female,geometric shape,Israel,Ra'anana
Navon_2021_Exp1,Navon_2021_Exp1_Clean.csv_15,23,Female,geometric shape,Israel,Ra'anana
Navon_2021_Exp1,Navon_2021_Exp1_Clean.csv_19,24,Female,geometric shape,Israel,Ra'anana
Navon_2021_Exp1,Navon_2021_Exp1_Clean.csv_20,26,Male,geometric shape,Israel,Ra'anana
Navon_2021_Exp1,Navon_2021_Exp1_Clean.csv_4403,28,Female,geometric shape,Israel,Ra'anana
Navon_2021_Exp3,Navon_2021_Exp3_Clean.csv_9605,25,Female,geometric shape,Israel,Ra'anana
Navon_2021_Exp3,Navon_2021_Exp3_Clean.csv_9612,21,Female,geometric shape,Israel,Ra'anana
Navon_2021_Exp3,Navon_2021_Exp3_Clean.csv_9702,34,Male,geometric shape,Israel,Ra'anana
Navon_2021_Exp3,Navon_2021_Exp3_Clean.csv_9703,32,Female,geometric shape,Israel,Ra'anana
Navon_2021_Exp3,Navon_2021_Exp3_Clean.csv_9704,25,Male,geometric shape,Israel,Ra'anana
Navon_2021_Exp3,Navon_2021_Exp3_Clean.csv_9715,24,Female,geometric shape,Israel,Ra'anana
Navon_2021_Exp3,Navon_2021_Exp3_Clean.csv_9909,21,Female,geometric shape,Israel,Ra'anana
Navon_2021_Exp3,Navon_2021_Exp3_Clean.csv_9911,20,Female,geometric shape,Israel,Ra'anana
Navon_2021_Exp3,Navon_2021_Exp3_Clean.csv_9916,28,Male,geometric shape,Israel,Ra'anana
Navon_2021_Exp3,Navon_2021_Exp3_Clean.csv_9918,27,Male,geometric shape,Israel,Ra'anana
Navon_2021_Exp3,Navon_2021_Exp3_Clean.csv_20319,25,Female,geometric shape,Israel,Ra'anana
Navon_2021_Exp3,Navon_2021_Exp3_Clean.csv_21001,27,Male,geometric shape,Israel,Ra'anana
Navon_2021_Exp3,Navon_2021_Exp3_Clean.csv_21002,20,Male,geometric shape,Israel,Ra'anana
Navon_2021_Exp3,Navon_2021_Exp3_Clean.csv_21006,25,Female,geometric shape,Israel,Ra'anana
Navon_2021_Exp3,Navon_2021_Exp3_Clean.csv_21011,25,Male,geometric shape,Israel,Ra'anana
Navon_2021_Exp3,Navon_2021_Exp3_Clean.csv_21017,29,Female,geometric shape,Israel,Ra'anana
Navon_2021_Exp3,Navon_2021_Exp3_Clean.csv_21018,28,Male,geometric shape,Israel,Ra'anana
Navon_2021_Exp3,Navon_2021_Exp3_Clean.csv_21021,27,Female,geometric shape,Israel,Ra'anana
Navon_2021_Exp3,Navon_2021_Exp3_Clean.csv_22003,25,Female,geometric shape,Israel,Ra'anana
Navon_2021_Exp3,Navon_2021_Exp3_Clean.csv_22005,29,Female,geometric shape,Israel,Ra'anana
Navon_2021_Exp3,Navon_2021_Exp3_Clean.csv_22009,20,Male,geometric shape,Israel,Ra'anana
Navon_2021_Exp3,Navon_2021_Exp3_Clean.csv_22012,23,Female,geometric shape,Israel,Ra'anana
Navon_2021_Exp3,Navon_2021_Exp3_Clean.csv_22014,25,Female,geometric shape,Israel,Ra'anana
Navon_2021_Exp3,Navon_2021_Exp3_Clean.csv_23003,24,Female,geometric shape,Israel,Ra'anana
Navon_2021_Exp3,Navon_2021_Exp3_Clean.csv_23016,21,Female,geometric shape,Israel,Ra'anana
Navon_2021_Exp3,Navon_2021_Exp3_Clean.csv_23018,28,Male,geometric shape,Israel,Ra'anana
Navon_2021_Exp3,Navon_2021_Exp3_Clean.csv_23020,25,Male,geometric shape,Israel,Ra'anana
Navon_2021_Exp3,Navon_2021_Exp3_Clean.csv_230015,25,Male,geometric shape,Israel,Ra'anana
Navon_2021_Exp4,Navon_2021_Exp4_Clean.csv_2816,21,Female,geometric shape,Israel,Ra'anana
Navon_2021_Exp4,Navon_2021_Exp4_Clean.csv_6403,29,Male,geometric shape,Israel,Ra'anana
Navon_2021_Exp4,Navon_2021_Exp4_Clean.csv_6407,26,Female,geometric shape,Israel,Ra'anana
Navon_2021_Exp4,Navon_2021_Exp4_Clean.csv_6408,24,Female,geometric shape,Israel,Ra'anana
Navon_2021_Exp4,Navon_2021_Exp4_Clean.csv_6501,24,Male,geometric shape,Israel,Ra'anana
Navon_2021_Exp4,Navon_2021_Exp4_Clean.csv_6503,30,Female,geometric shape,Israel,Ra'anana
Navon_2021_Exp4,Navon_2021_Exp4_Clean.csv_6505,29,Male,geometric shape,Israel,Ra'anana
Navon_2021_Exp4,Navon_2021_Exp4_Clean.csv_6602,24,Female,geometric shape,Israel,Ra'anana
Navon_2021_Exp4,Navon_2021_Exp4_Clean.csv_6606,33,Female,geometric shape,Israel,Ra'anana
Navon_2021_Exp4,Navon_2021_Exp4_Clean.csv_6608,31,Male,geometric shape,Israel,Ra'anana
Navon_2021_Exp4,Navon_2021_Exp4_Clean.csv_6613,33,Female,geometric shape,Israel,Ra'anana
Navon_2021_Exp4,Navon_2021_Exp4_Clean.csv_6616,28,Female,geometric shape,Israel,Ra'anana
Navon_2021_Exp4,Navon_2021_Exp4_Clean.csv_8208,21,Female,geometric shape,Israel,Ra'anana
Navon_2021_Exp4,Navon_2021_Exp4_Clean.csv_8211,22,Female,geometric shape,Israel,Ra'anana
Navon_2021_Exp4,Navon_2021_Exp4_Clean.csv_8220,30,Male,geometric shape,Israel,Ra'anana
Navon_2021_Exp4,Navon_2021_Exp4_Clean.csv_8402,28,Female,geometric shape,Israel,Ra'anana
Navon_2021_Exp4,Navon_2021_Exp4_Clean.csv_8408,20,Female,geometric shape,Israel,Ra'anana
Navon_2021_Exp4,Navon_2021_Exp4_Clean.csv_8413,25,Female,geometric shape,Israel,Ra'anana
Navon_2021_Exp4,Navon_2021_Exp4_Clean.csv_8502,21,Female,geometric shape,Israel,Ra'anana
Navon_2021_Exp4,Navon_2021_Exp4_Clean.csv_8507,20,Female,geometric shape,Israel,Ra'anana
Navon_2021_Exp4,Navon_2021_Exp4_Clean.csv_8514,25,Female,geometric shape,Israel,Ra'anana
Navon_2021_Exp4,Navon_2021_Exp4_Clean.csv_8602,27,Male,geometric shape,Israel,Ra'anana
Navon_2021_Exp4,Navon_2021_Exp4_Clean.csv_8617,25,Male,geometric shape,Israel,Ra'anana
Navon_2021_Exp4,Navon_2021_Exp4_Clean.csv_8801,22,Female,geometric shape,Israel,Ra'anana
Navon_2021_Exp4,Navon_2021_Exp4_Clean.csv_8803,24,Female,geometric shape,Israel,Ra'anana
Navon_2021_Exp4,Navon_2021_Exp4_Clean.csv_66022,34,Male,geometric shape,Israel,Ra'anana
Navon_2021_Exp4,Navon_2021_Exp4_Clean.csv_66062,34,Male,geometric shape,Israel,Ra'anana
Sui_2014_Exp1,Sui_2014_Exp1_Clean.csv_2801,20,Female,geometric shape,China,Nanjing
Sui_2014_Exp1,Sui_2014_Exp1_Clean.csv_2802,20,Male,geometric shape,China,Nanjing
Sui_2014_Exp1,Sui_2014_Exp1_Clean.csv_2803,18,Male,geometric shape,China,Nanjing
Sui_2014_Exp1,Sui_2014_Exp1_Clean.csv_2804,21,Female,geometric shape,China,Nanjing
Sui_2014_Exp1,Sui_2014_Exp1_Clean.csv_2805,20,Female,geometric shape,China,Nanjing
Sui_2014_Exp1,Sui_2014_Exp1_Clean.csv_2806,20,Female,geometric shape,China,Nanjing
Sui_2014_Exp1,Sui_2014_Exp1_Clean.csv_2807,20,Male,geometric shape,China,Nanjing
Sui_2014_Exp1,Sui_2014_Exp1_Clean.csv_2808,20,Male,geometric shape,China,Nanjing
Sui_2014_Exp1,Sui_2014_Exp1_Clean.csv_2809,18,Male,geometric shape,China,Nanjing
Sui_2014_Exp1,Sui_2014_Exp1_Clean.csv_2810,20,Female,geometric shape,China,Nanjing
Sui_2014_Exp1,Sui_2014_Exp1_Clean.csv_2811,20,Male,geometric shape,China,Nanjing
Sui_2014_Exp1,Sui_2014_Exp1_Clean.csv_2812,18,Male,geometric shape,China,Nanjing
Sui_2014_Exp1,Sui_2014_Exp1_Clean.csv_2813,21,Female,geometric shape,China,Nanjing
Sui_2014_Exp1,Sui_2014_Exp1_Clean.csv_2814,21,Male,geometric shape,China,Nanjing
Sui_2014_Exp1,Sui_2014_Exp1_Clean.csv_2815,21,Male,geometric shape,China,Nanjing
Sui_2014_Exp1,Sui_2014_Exp1_Clean.csv_2816,29,Female,geometric shape,China,Nanjing
Sui_2014_Exp1,Sui_2014_Exp1_Clean.csv_2817,20,Male,geometric shape,China,Nanjing
Sui_2014_Exp1,Sui_2014_Exp1_Clean.csv_2818,26,Female,geometric shape,China,Nanjing
Sui_2014_Exp1,Sui_2014_Exp1_Clean.csv_2819,21,Male,geometric shape,China,Nanjing
Sui_2014_Exp1,Sui_2014_Exp1_Clean.csv_2820,20,Female,geometric shape,China,Nanjing
Sui_2014_Exp1,Sui_2014_Exp1_Clean.csv_2821,21,Female,geometric shape,China,Nanjing
Sui_2014_Exp1,Sui_2014_Exp1_Clean.csv_2822,21,Female,geometric shape,China,Nanjing
Sui_2014_Exp1,Sui_2014_Exp1_Clean.csv_2823,21,Female,geometric shape,China,Nanjing
Sui_2014_Exp1,Sui_2014_Exp1_Clean.csv_2824,20,Female,geometric shape,China,Nanjing
Sui_2015_Exp1,Sui_2015_Exp1_Clean.csv_1,22,Female,geometric shape,China,Nanjing
Sui_2015_Exp1,Sui_2015_Exp1_Clean.csv_2,20,Female,geometric shape,China,Nanjing
Sui_2015_Exp1,Sui_2015_Exp1_Clean.csv_3,20,Female,geometric shape,China,Nanjing
Sui_2015_Exp1,Sui_2015_Exp1_Clean.csv_4,20,Female,geometric shape,China,Nanjing
Sui_2015_Exp1,Sui_2015_Exp1_Clean.csv_5,21,Female,geometric shape,China,Nanjing
Sui_2015_Exp1,Sui_2015_Exp1_Clean.csv_6,20,Female,geometric shape,China,Nanjing
Sui_2015_Exp1,Sui_2015_Exp1_Clean.csv_7,20,Female,geometric shape,China,Nanjing
Sui_2015_Exp1,Sui_2015_Exp1_Clean.csv_8,21,Female,geometric shape,China,Nanjing
Sui_2015_Exp1,Sui_2015_Exp1_Clean.csv_9,21,Male,geometric shape,China,Nanjing
Sui_2015_Exp1,Sui_2015_Exp1_Clean.csv_10,22,Male,geometric shape,China,Nanjing
Sui_2015_Exp1,Sui_2015_Exp1_Clean.csv_11,20,Female,geometric shape,China,Nanjing
Sui_2015_Exp1,Sui_2015_Exp1_Clean.csv_12,21,Male,geometric shape,China,Nanjing
Sui_2015_Exp1,Sui_2015_Exp1_Clean.csv_13,21,Female,geometric shape,China,Nanjing
Sui_2015_Exp1,Sui_2015_Exp1_Clean.csv_14,20,Female,geometric shape,China,Nanjing
Sui_2015_Exp1,Sui_2015_Exp1_Clean.csv_15,20,Female,geometric shape,China,Nanjing
Sui_2015_Exp1,Sui_2015_Exp1_Clean.csv_16,20,Female,geometric shape,China,Nanjing
Sui_2015_Exp1,Sui_2015_Exp1_Clean.csv_17,21,Male,geometric shape,China,Nanjing
Sui_2015_Exp1,Sui_2015_Exp1_Clean.csv_18,21,Female,geometric shape,China,Nanjing
Sui_2015_Exp1,Sui_2015_Exp1_Clean.csv_19,20,Female,geometric shape,China,Nanjing
Sui_2015_Exp1,Sui_2015_Exp1_Clean.csv_20,20,Female,geometric shape,China,Nanjing
Zhang_2023_NI_Exp1,Zhang_2023_NI_Exp1_Clean.csv_14,25,Male,NA,NA,NA
Zhang_2023_NI_Exp1,Zhang_2023_NI_Exp1_Clean.csv_15,21,Female,NA,NA,NA
Zhang_2023_NI_Exp1,Zhang_2023_NI_Exp1_Clean.csv_16,24,Male,NA,NA,NA
Zhang_2023_NI_Exp1,Zhang_2023_NI_Exp1_Clean.csv_17,19,Male,NA,NA,NA
Zhang_2023_NI_Exp1,Zhang_2023_NI_Exp1_Clean.csv_18,27,Male,NA,NA,NA
Zhang_2023_NI_Exp1,Zhang_2023_NI_Exp1_Clean.csv_19,25,Male,NA,NA,NA
Zhang_2023_NI_Exp1,Zhang_2023_NI_Exp1_Clean.csv_20,25,Female,NA,NA,NA
Zhang_2023_NI_Exp1,Zhang_2023_NI_Exp1_Clean.csv_21,26,Male,NA,NA,NA
Zhang_2023_NI_Exp1,Zhang_2023_NI_Exp1_Clean.csv_22,23,Male,NA,NA,NA
Zhang_2023_NI_Exp1,Zhang_2023_NI_Exp1_Clean.csv_23,25,Female,NA,NA,NA
Zhang_2023_NI_Exp1,Zhang_2023_NI_Exp1_Clean.csv_24,25,Male,NA,NA,NA
Zhang_2023_NI_Exp1,Zhang_2023_NI_Exp1_Clean.csv_25,23,Female,NA,NA,NA
Zhang_2023_NI_Exp1,Zhang_2023_NI_Exp1_Clean.csv_26,26,Female,NA,NA,NA
Zhang_2023_NI_Exp1,Zhang_2023_NI_Exp1_Clean.csv_27,22,Male,NA,NA,NA
Zhang_2023_NI_Exp1,Zhang_2023_NI_Exp1_Clean.csv_28,26,Male,NA,NA,NA
Zhang_2023_NI_Exp1,Zhang_2023_NI_Exp1_Clean.csv_29,24,Male,NA,NA,NA
Zhang_2023_NI_Exp1,Zhang_2023_NI_Exp1_Clean.csv_30,21,Female,NA,NA,NA
Zhang_2023_NI_Exp1,Zhang_2023_NI_Exp1_Clean.csv_31,21,Male,NA,NA,NA
Zhang_2023_NI_Exp1,Zhang_2023_NI_Exp1_Clean.csv_32,23,Female,NA,NA,NA
Zhang_2023_NI_Exp1,Zhang_2023_NI_Exp1_Clean.csv_33,21,Male,NA,NA,NA
Zhang_2023_NI_Exp1,Zhang_2023_NI_Exp1_Clean.csv_34,24,Male,NA,NA,NA
Zhang_2023_NI_Exp1,Zhang_2023_NI_Exp1_Clean.csv_35,23,Male,NA,NA,NA
Zhang_2023_NI_Exp1,Zhang_2023_NI_Exp1_Clean.csv_36,22,Female,NA,NA,NA
Zhang_2023_NI_Exp1,Zhang_2023_NI_Exp1_Clean.csv_37,22,Female,NA,NA,NA
Zhang_2023_NI_Exp1,Zhang_2023_NI_Exp1_Clean.csv_38,24,Male,NA,NA,NA
Zhang_2023_NI_Exp1,Zhang_2023_NI_Exp1_Clean.csv_39,20,Male,NA,NA,NA
Zhang_2023_NI_Exp1,Zhang_2023_NI_Exp1_Clean.csv_40,24,Male,NA,NA,NA
Zhang_2023_NI_Exp1,Zhang_2023_NI_Exp1_Clean.csv_41,28,Female,NA,NA,NA
Zhang_2023_NI_Exp1,Zhang_2023_NI_Exp1_Clean.csv_42,21,Female,NA,NA,NA
Zhang_2023_NI_Exp1,Zhang_2023_NI_Exp1_Clean.csv_43,20,Female,NA,NA,NA
Zhang_2023_NI_Exp1,Zhang_2023_NI_Exp1_Clean.csv_44,21,Female,NA,NA,NA
Zhang_2023_NI_Exp1,Zhang_2023_NI_Exp1_Clean.csv_45,21,Female,NA,NA,NA
Zhang_2023_NI_Exp1,Zhang_2023_NI_Exp1_Clean.csv_46,21,Male,NA,NA,NA
Zhang_2023_NI_Exp1,Zhang_2023_NI_Exp1_Clean.csv_47,23,Male,NA,NA,NA
Zhang_2023_NI_Exp1,Zhang_2023_NI_Exp1_Clean.csv_48,19,Male,NA,NA,NA
Zhang_2023_NI_Exp1,Zhang_2023_NI_Exp1_Clean.csv_49,21,Male,NA,NA,NA
Zhang_2023_NI_Exp1,Zhang_2023_NI_Exp1_Clean.csv_50,21,Female,NA,NA,NA
Zhang_2023_NI_Exp1,Zhang_2023_NI_Exp1_Clean.csv_51,25,Female,NA,NA,NA
Zhang_2023_NI_Exp1,Zhang_2023_NI_Exp1_Clean.csv_52,24,Female,NA,NA,NA
Zhang_2023_NI_Exp1,Zhang_2023_NI_Exp1_Clean.csv_53,25,Male,NA,NA,NA
Zhang_2023_NI_Exp1,Zhang_2023_NI_Exp1_Clean.csv_54,25,Male,NA,NA,NA
Zhang_2023_NI_Exp1,Zhang_2023_NI_Exp1_Clean.csv_55,21,Male,NA,NA,NA
Zhang_2023_NI_Exp1,Zhang_2023_NI_Exp1_Clean.csv_56,25,Male,NA,NA,NA
Zhang_2023_NI_Exp1,Zhang_2023_NI_Exp1_Clean.csv_57,29,Male,NA,NA,NA
Zhang_2023_NI_Exp1,Zhang_2023_NI_Exp1_Clean.csv_58,21,Female,NA,NA,NA
Zhang_2023_NI_Exp1,Zhang_2023_NI_Exp1_Clean.csv_59,27,Male,NA,NA,NA
Zhang_2023_NI_Exp1,Zhang_2023_NI_Exp1_Clean.csv_60,28,Male,NA,NA,NA
Zhang_2023_NI_Exp1,Zhang_2023_NI_Exp1_Clean.csv_61,27,Female,NA,NA,NA
Zhang_2023_NI_Exp1,Zhang_2023_NI_Exp1_Clean.csv_63,22,Male,NA,NA,NA
Zhang_2023_NI_Exp1,Zhang_2023_NI_Exp1_Clean.csv_64,27,Female,NA,NA,NA
Zhang_2023_NI_Exp1,Zhang_2023_NI_Exp1_Clean.csv_65,22,Male,NA,NA,NA
Zhang_2023_NI_Exp1,Zhang_2023_NI_Exp1_Clean.csv_66,23,Male,NA,NA,NA
Zhang_2023_NI_Exp1,Zhang_2023_NI_Exp1_Clean.csv_67,19,Female,NA,NA,NA
Zhang_2023_NI_Exp1,Zhang_2023_NI_Exp1_Clean.csv_68,23,Male,NA,NA,NA
Zhang_2023_NI_Exp1,Zhang_2023_NI_Exp1_Clean.csv_69,25,Male,NA,NA,NA
Zhang_2023_NI_Exp1,Zhang_2023_NI_Exp1_Clean.csv_70,24,Male,NA,NA,NA
Zhang_2023_NI_Exp1,Zhang_2023_NI_Exp1_Clean.csv_71,19,Female,NA,NA,NA
Zhang_2023_NI_Exp1,Zhang_2023_NI_Exp1_Clean.csv_72,20,Male,NA,NA,NA
Zhang_2023_NI_Exp1,Zhang_2023_NI_Exp1_Clean.csv_73,22,Male,NA,NA,NA
Zhang_2023_NI_Exp1,Zhang_2023_NI_Exp1_Clean.csv_74,22,Male,NA,NA,NA
Zhang_2023_NI_Exp1,Zhang_2023_NI_Exp1_Clean.csv_76,22,Male,NA,NA,NA
Zhang_2023_NI_Exp1,Zhang_2023_NI_Exp1_Clean.csv_77,25,Female,NA,NA,NA
Zhang_2023_NI_Exp1,Zhang_2023_NI_Exp1_Clean.csv_79,18,Female,NA,NA,NA
Zhang_2023_NI_Exp1,Zhang_2023_NI_Exp1_Clean.csv_81,26,Male,NA,NA,NA
Zhang_2023_NI_Exp1,Zhang_2023_NI_Exp1_Clean.csv_82,24,Male,NA,NA,NA
Zhang_2023_NI_Exp1,Zhang_2023_NI_Exp1_Clean.csv_83,25,Male,NA,NA,NA
Zhang_2023_NI_Exp1,Zhang_2023_NI_Exp1_Clean.csv_84,21,Female,NA,NA,NA
Zhang_2023_NI_Exp1,Zhang_2023_NI_Exp1_Clean.csv_85,20,Female,NA,NA,NA
Zhang_2023_NI_Exp1,Zhang_2023_NI_Exp1_Clean.csv_86,23,Male,NA,NA,NA
Zhang_2023_NI_Exp1,Zhang_2023_NI_Exp1_Clean.csv_87,22,Female,NA,NA,NA
Zhang_2023_NI_Exp1,Zhang_2023_NI_Exp1_Clean.csv_88,23,Female,NA,NA,NA
Zhang_2023_NI_Exp1,Zhang_2023_NI_Exp1_Clean.csv_89,24,Female,NA,NA,NA
Zhang_2023_NI_Exp1,Zhang_2023_NI_Exp1_Clean.csv_90,36,Male,NA,NA,NA
Zhang_2023_NI_Exp1,Zhang_2023_NI_Exp1_Clean.csv_91,20,Female,NA,NA,NA
Zhang_2023_NI_Exp1,Zhang_2023_NI_Exp1_Clean.csv_92,24,Female,NA,NA,NA
Zhang_2023_NI_Exp1,Zhang_2023_NI_Exp1_Clean.csv_93,26,Male,NA,NA,NA
Zhang_2023_NI_Exp1,Zhang_2023_NI_Exp1_Clean.csv_94,24,Male,NA,NA,NA
Zhang_2023_NI_Exp1,Zhang_2023_NI_Exp1_Clean.csv_95,21,Male,NA,NA,NA
Zhang_2023_NI_Exp1,Zhang_2023_NI_Exp1_Clean.csv_96,23,Male,NA,NA,NA
Zhang_2023_NI_Exp1,Zhang_2023_NI_Exp1_Clean.csv_97,24,Male,NA,NA,NA
Zhang_2023_NI_Exp1,Zhang_2023_NI_Exp1_Clean.csv_98,21,Female,NA,NA,NA
Zhang_2023_NI_Exp1,Zhang_2023_NI_Exp1_Clean.csv_99,26,Female,NA,NA,NA
Zhang_2023_NI_Exp1,Zhang_2023_NI_Exp1_Clean.csv_100,24,Male,NA,NA,NA
Zhang_2023_NI_Exp1,Zhang_2023_NI_Exp1_Clean.csv_102,23,Male,NA,NA,NA
Zhang_2023_NI_Exp1,Zhang_2023_NI_Exp1_Clean.csv_103,19,Female,NA,NA,NA
Zhang_2023_NI_Exp1,Zhang_2023_NI_Exp1_Clean.csv_104,22,Female,NA,NA,NA
Zhang_2023_NI_Exp1,Zhang_2023_NI_Exp1_Clean.csv_105,22,Male,NA,NA,NA
Zhang_2023_NI_Exp1,Zhang_2023_NI_Exp1_Clean.csv_106,23,Male,NA,NA,NA
Zhang_2023_NI_Exp1,Zhang_2023_NI_Exp1_Clean.csv_107,23,Male,NA,NA,NA
Zhang_2023_NI_Exp1,Zhang_2023_NI_Exp1_Clean.csv_108,20,Female,NA,NA,NA
Zhang_2023_NI_Exp1,Zhang_2023_NI_Exp1_Clean.csv_109,27,Male,NA,NA,NA
Zhang_2023_NI_Exp1,Zhang_2023_NI_Exp1_Clean.csv_110,23,Female,NA,NA,NA
Zhang_2023_NI_Exp1,Zhang_2023_NI_Exp1_Clean.csv_111,23,Male,NA,NA,NA
Zhang_2023_NI_Exp1,Zhang_2023_NI_Exp1_Clean.csv_112,22,Female,NA,NA,NA
Zhang_2023_NI_Exp1,Zhang_2023_NI_Exp1_Clean.csv_113,28,Male,NA,NA,NA
Zhang_2023_NI_Exp1,Zhang_2023_NI_Exp1_Clean.csv_114,25,Female,NA,NA,NA
Zhang_2023_NI_Exp1,Zhang_2023_NI_Exp1_Clean.csv_115,22,Female,NA,NA,NA
Zhang_2023_NI_Exp1,Zhang_2023_NI_Exp1_Clean.csv_116,20,Male,NA,NA,NA
Zhang_2023_NI_Exp1,Zhang_2023_NI_Exp1_Clean.csv_117,24,Male,NA,NA,NA
Zhang_2023_NI_Exp1,Zhang_2023_NI_Exp1_Clean.csv_118,23,Female,NA,NA,NA
Zhang_2023_NI_Exp1,Zhang_2023_NI_Exp1_Clean.csv_119,23,Male,NA,NA,NA
Zhang_2023_NI_Exp1,Zhang_2023_NI_Exp1_Clean.csv_120,21,Male,NA,NA,NA
Zhang_2023_NI_Exp1,Zhang_2023_NI_Exp1_Clean.csv_121,26,Male,NA,NA,NA
Zhang_2023_NI_Exp1,Zhang_2023_NI_Exp1_Clean.csv_122,22,Male,NA,NA,NA
Zhang_2023_NI_Exp1,Zhang_2023_NI_Exp1_Clean.csv_123,22,Male,NA,NA,NA
Zhang_2023_NI_Exp1,Zhang_2023_NI_Exp1_Clean.csv_125,21,Female,NA,NA,NA
Zhang_2023_NI_Exp1,Zhang_2023_NI_Exp1_Clean.csv_126,24,Male,NA,NA,NA
Zhang_2023_NI_Exp1,Zhang_2023_NI_Exp1_Clean.csv_127,24,Male,NA,NA,NA
Zhang_2023_NI_Exp1,Zhang_2023_NI_Exp1_Clean.csv_128,25,Male,NA,NA,NA
Zhang_2023_NI_Exp1,Zhang_2023_NI_Exp1_Clean.csv_129,25,Female,NA,NA,NA
Zhang_2023_NI_Exp1,Zhang_2023_NI_Exp1_Clean.csv_130,30,Female,NA,NA,NA
Zhang_2023_NI_Exp1,Zhang_2023_NI_Exp1_Clean.csv_131,21,Male,NA,NA,NA
Zhang_2023_NI_Exp1,Zhang_2023_NI_Exp1_Clean.csv_132,24,Male,NA,NA,NA
Zhang_2023_NI_Exp1,Zhang_2023_NI_Exp1_Clean.csv_133,18,Female,NA,NA,NA
Zhang_2023_NI_Exp1,Zhang_2023_NI_Exp1_Clean.csv_134,23,Male,NA,NA,NA
Zhang_2023_NI_Exp1,Zhang_2023_NI_Exp1_Clean.csv_135,20,Female,NA,NA,NA
Zhang_2023_NI_Exp1,Zhang_2023_NI_Exp1_Clean.csv_136,27,Male,NA,NA,NA
Zhang_2023_NI_Exp1,Zhang_2023_NI_Exp1_Clean.csv_137,23,Female,NA,NA,NA
Zhang_2023_NI_Exp1,Zhang_2023_NI_Exp1_Clean.csv_138,24,Male,NA,NA,NA
Zhang_2023_NI_Exp1,Zhang_2023_NI_Exp1_Clean.csv_139,25,Male,NA,NA,NA
Zhang_2023_NI_Exp1,Zhang_2023_NI_Exp1_Clean.csv_140,25,Female,NA,NA,NA
Zhang_2023_NI_Exp1,Zhang_2023_NI_Exp1_Clean.csv_141,25,Male,NA,NA,NA
Zhang_2023_NI_Exp1,Zhang_2023_NI_Exp1_Clean.csv_143,21,Female,NA,NA,NA
Zhang_2023_NI_Exp1,Zhang_2023_NI_Exp1_Clean.csv_144,19,Male,NA,NA,NA
Zhang_2023_NI_Exp1,Zhang_2023_NI_Exp1_Clean.csv_145,18,Female,NA,NA,NA
Zhang_2023_NI_Exp1,Zhang_2023_NI_Exp1_Clean.csv_146,25,Male,NA,NA,NA
Zhang_2023_NI_Exp1,Zhang_2023_NI_Exp1_Clean.csv_147,23,Male,NA,NA,NA
Zhang_2023_NI_Exp1,Zhang_2023_NI_Exp1_Clean.csv_148,25,Female,NA,NA,NA
Zhang_2023_NI_Exp1,Zhang_2023_NI_Exp1_Clean.csv_149,25,Female,NA,NA,NA
Zhang_2023_NI_Exp1,Zhang_2023_NI_Exp1_Clean.csv_150,25,Female,NA,NA,NA
Zhang_2023_NI_Exp1,Zhang_2023_NI_Exp1_Clean.csv_151,22,Male,NA,NA,NA
Zhang_2023_NI_Exp1,Zhang_2023_NI_Exp1_Clean.csv_152,24,Female,NA,NA,NA
Zhang_2023_NI_Exp1,Zhang_2023_NI_Exp1_Clean.csv_153,24,Female,NA,NA,NA
Zhang_2023_NI_Exp1,Zhang_2023_NI_Exp1_Clean.csv_154,30,Male,NA,NA,NA
Zhang_2023_NI_Exp1,Zhang_2023_NI_Exp1_Clean.csv_155,24,Male,NA,NA,NA
Zhang_2023_NI_Exp1,Zhang_2023_NI_Exp1_Clean.csv_156,21,Male,NA,NA,NA
Zhang_2023_NI_Exp1,Zhang_2023_NI_Exp1_Clean.csv_157,22,Female,NA,NA,NA
Zhang_2023_NI_Exp1,Zhang_2023_NI_Exp1_Clean.csv_158,21,Female,NA,NA,NA
Zhang_2023_NI_Exp1,Zhang_2023_NI_Exp1_Clean.csv_159,22,Female,NA,NA,NA
Zhang_2023_NI_Exp1,Zhang_2023_NI_Exp1_Clean.csv_160,22,Female,NA,NA,NA
Zhang_2023_NI_Exp1,Zhang_2023_NI_Exp1_Clean.csv_161,24,Female,NA,NA,NA
Zhang_2023_NI_Exp1,Zhang_2023_NI_Exp1_Clean.csv_162,26,Male,NA,NA,NA
Zhang_2023_NI_Exp1,Zhang_2023_NI_Exp1_Clean.csv_163,20,Female,NA,NA,NA
Zhang_2023_NI_Exp1,Zhang_2023_NI_Exp1_Clean.csv_164,22,Male,NA,NA,NA
Zhang_2023_NI_Exp1,Zhang_2023_NI_Exp1_Clean.csv_165,22,Male,NA,NA,NA
Zhang_2023_NI_Exp1,Zhang_2023_NI_Exp1_Clean.csv_166,23,Female,NA,NA,NA
Zhang_2023_NI_Exp1,Zhang_2023_NI_Exp1_Clean.csv_167,19,Female,NA,NA,NA
Zhang_2023_NI_Exp1,Zhang_2023_NI_Exp1_Clean.csv_168,20,Female,NA,NA,NA
Zhang_2023_NI_Exp1,Zhang_2023_NI_Exp1_Clean.csv_169,19,Female,NA,NA,NA
Zhang_2023_NI_Exp1,Zhang_2023_NI_Exp1_Clean.csv_170,20,Female,NA,NA,NA
Zhang_2023_NI_Exp1,Zhang_2023_NI_Exp1_Clean.csv_171,21,Male,NA,NA,NA
Zhang_2023_NI_Exp1,Zhang_2023_NI_Exp1_Clean.csv_172,20,Male,NA,NA,NA
Zhang_2023_NI_Exp1,Zhang_2023_NI_Exp1_Clean.csv_173,22,Female,NA,NA,NA
Zhang_2023_NI_Exp1,Zhang_2023_NI_Exp1_Clean.csv_174,21,Male,NA,NA,NA
Zhang_2023_NI_Exp1,Zhang_2023_NI_Exp1_Clean.csv_175,26,Female,NA,NA,NA
Zhang_2023_NI_Exp1,Zhang_2023_NI_Exp1_Clean.csv_176,22,Male,NA,NA,NA
Zhang_2023_NI_Exp1,Zhang_2023_NI_Exp1_Clean.csv_177,20,Male,NA,NA,NA
Zhang_2023_NI_Exp1,Zhang_2023_NI_Exp1_Clean.csv_179,25,Male,NA,NA,NA
Zhang_2023_NI_Exp1,Zhang_2023_NI_Exp1_Clean.csv_180,25,Female,NA,NA,NA
Zhang_2023_NI_Exp1,Zhang_2023_NI_Exp1_Clean.csv_181,24,Female,NA,NA,NA
Zhang_2023_NI_Exp1,Zhang_2023_NI_Exp1_Clean.csv_182,26,Female,NA,NA,NA
Zhang_2023_NI_Exp1,Zhang_2023_NI_Exp1_Clean.csv_183,26,Male,NA,NA,NA
Zhang_2023_NI_Exp1,Zhang_2023_NI_Exp1_Clean.csv_184,22,Female,NA,NA,NA
Zhang_2023_NI_Exp1,Zhang_2023_NI_Exp1_Clean.csv_185,23,NA,NA,NA,NA
Zhang_2023_NI_Exp1,Zhang_2023_NI_Exp1_Clean.csv_186,21,Female,NA,NA,NA
Zhang_2023_NI_Exp1,Zhang_2023_NI_Exp1_Clean.csv_187,29,Male,NA,NA,NA
Zhang_2023_NI_Exp1,Zhang_2023_NI_Exp1_Clean.csv_188,29,Female,NA,NA,NA
Zhang_2023_NI_Exp1,Zhang_2023_NI_Exp1_Clean.csv_189,25,Female,NA,NA,NA
Zhang_2023_NI_Exp1,Zhang_2023_NI_Exp1_Clean.csv_190,23,Male,NA,NA,NA
Zhang_2023_NI_Exp1,Zhang_2023_NI_Exp1_Clean.csv_191,26,Female,NA,NA,NA
Zhang_2023_NI_Exp1,Zhang_2023_NI_Exp1_Clean.csv_192,25,Male,NA,NA,NA
Zhang_2023_NI_Exp1,Zhang_2023_NI_Exp1_Clean.csv_193,20,Female,NA,NA,NA
Zhang_2023_NI_Exp1,Zhang_2023_NI_Exp1_Clean.csv_194,22,Male,NA,NA,NA
Zhang_2023_NI_Exp1,Zhang_2023_NI_Exp1_Clean.csv_195,18,Female,NA,NA,NA
Zhang_2023_NI_Exp1,Zhang_2023_NI_Exp1_Clean.csv_196,24,Female,NA,NA,NA
Zhang_2023_NI_Exp1,Zhang_2023_NI_Exp1_Clean.csv_197,20,Female,NA,NA,NA
Zhang_2023_NI_Exp1,Zhang_2023_NI_Exp1_Clean.csv_198,19,Female,NA,NA,NA
Zhang_2023_NI_Exp1,Zhang_2023_NI_Exp1_Clean.csv_199,21,Male,NA,NA,NA
Zhang_2023_NI_Exp1,Zhang_2023_NI_Exp1_Clean.csv_200,20,Male,NA,NA,NA
Zhang_2023_NI_Exp1,Zhang_2023_NI_Exp1_Clean.csv_201,26,Male,NA,NA,NA
Zhang_2023_NI_Exp1,Zhang_2023_NI_Exp1_Clean.csv_202,22,Female,NA,NA,NA
Zhang_2023_NI_Exp1,Zhang_2023_NI_Exp1_Clean.csv_203,21,Female,NA,NA,NA
Zhang_2023_NI_Exp1,Zhang_2023_NI_Exp1_Clean.csv_204,23,Female,NA,NA,NA
Zhang_2023_NI_Exp1,Zhang_2023_NI_Exp1_Clean.csv_205,24,Female,NA,NA,NA
Zhang_2023_NI_Exp1,Zhang_2023_NI_Exp1_Clean.csv_206,18,Male,NA,NA,NA
Zhang_2023_NI_Exp1,Zhang_2023_NI_Exp1_Clean.csv_207,20,Female,NA,NA,NA
Zhang_2023_NI_Exp1,Zhang_2023_NI_Exp1_Clean.csv_209,23,Female,NA,NA,NA
Zhang_2023_NI_Exp1,Zhang_2023_NI_Exp1_Clean.csv_210,30,Male,NA,NA,NA
Zhang_2023_NI_Exp1,Zhang_2023_NI_Exp1_Clean.csv_212,22,Female,NA,NA,NA
Zhang_2023_NI_Exp1,Zhang_2023_NI_Exp1_Clean.csv_213,21,Female,NA,NA,NA
Zhang_2023_NI_Exp1,Zhang_2023_NI_Exp1_Clean.csv_214,29,Male,NA,NA,NA
Zhang_2023_NI_Exp1,Zhang_2023_NI_Exp1_Clean.csv_215,29,Male,NA,NA,NA
Zhang_2023_NI_Exp1,Zhang_2023_NI_Exp1_Clean.csv_216,19,Female,NA,NA,NA
Zhang_2023_NI_Exp1,Zhang_2023_NI_Exp1_Clean.csv_217,22,Female,NA,NA,NA
Zhang_2023_NI_Exp1,Zhang_2023_NI_Exp1_Clean.csv_218,25,Male,NA,NA,NA
Zhang_2023_NI_Exp1,Zhang_2023_NI_Exp1_Clean.csv_219,21,Female,NA,NA,NA
Zhang_2023_NI_Exp1,Zhang_2023_NI_Exp1_Clean.csv_220,19,Female,NA,NA,NA
Zhang_2023_NI_Exp1,Zhang_2023_NI_Exp1_Clean.csv_221,21,Female,NA,NA,NA
Zhang_2023_NI_Exp1,Zhang_2023_NI_Exp1_Clean.csv_222,26,Male,NA,NA,NA
Zhang_2023_NI_Exp1,Zhang_2023_NI_Exp1_Clean.csv_224,25,Male,NA,NA,NA
Zhang_2023_NI_Exp1,Zhang_2023_NI_Exp1_Clean.csv_225,25,Male,NA,NA,NA
Zhang_2023_NI_Exp1,Zhang_2023_NI_Exp1_Clean.csv_226,20,Male,NA,NA,NA
Zhang_2023_NI_Exp1,Zhang_2023_NI_Exp1_Clean.csv_227,20,Female,NA,NA,NA
Zhang_2023_NI_Exp1,Zhang_2023_NI_Exp1_Clean.csv_228,21,Male,NA,NA,NA
Zhang_2023_NI_Exp1,Zhang_2023_NI_Exp1_Clean.csv_229,24,Female,NA,NA,NA
Zhang_2023_NI_Exp1,Zhang_2023_NI_Exp1_Clean.csv_230,23,Male,NA,NA,NA
Zhang_2023_NI_Exp1,Zhang_2023_NI_Exp1_Clean.csv_231,26,Male,NA,NA,NA
Zhang_2023_NI_Exp1,Zhang_2023_NI_Exp1_Clean.csv_232,19,Female,NA,NA,NA
Zhang_2023_NI_Exp1,Zhang_2023_NI_Exp1_Clean.csv_233,21,Male,NA,NA,NA
Zhang_2023_NI_Exp1,Zhang_2023_NI_Exp1_Clean.csv_234,23,Female,NA,NA,NA
Zhang_2023_NI_Exp1,Zhang_2023_NI_Exp1_Clean.csv_235,24,Male,NA,NA,NA
Zhang_2023_NI_Exp1,Zhang_2023_NI_Exp1_Clean.csv_236,26,Male,NA,NA,NA
Zhang_2023_NI_Exp1,Zhang_2023_NI_Exp1_Clean.csv_237,26,Female,NA,NA,NA
Zhang_2023_NI_Exp1,Zhang_2023_NI_Exp1_Clean.csv_238,18,Female,NA,NA,NA
Zhang_2023_NI_Exp1,Zhang_2023_NI_Exp1_Clean.csv_239,21,Female,NA,NA,NA
Zhang_2023_NI_Exp1,Zhang_2023_NI_Exp1_Clean.csv_240,27,Male,NA,NA,NA
Zhang_2023_NI_Exp1,Zhang_2023_NI_Exp1_Clean.csv_241,20,Male,NA,NA,NA
Zhang_2023_NI_Exp1,Zhang_2023_NI_Exp1_Clean.csv_242,24,Female,NA,NA,NA
Zhang_2023_NI_Exp1,Zhang_2023_NI_Exp1_Clean.csv_243,24,Male,NA,NA,NA
Zhang_2023_NI_Exp1,Zhang_2023_NI_Exp1_Clean.csv_244,26,Female,NA,NA,NA
Zhang_2023_NI_Exp1,Zhang_2023_NI_Exp1_Clean.csv_246,22,Male,NA,NA,NA
Zhang_2023_NI_Exp1,Zhang_2023_NI_Exp1_Clean.csv_247,23,Female,NA,NA,NA
Zhang_2023_NI_Exp1,Zhang_2023_NI_Exp1_Clean.csv_248,20,Male,NA,NA,NA
Zhang_2023_NI_Exp1,Zhang_2023_NI_Exp1_Clean.csv_250,25,Female,NA,NA,NA
Zhang_2023_NI_Exp1,Zhang_2023_NI_Exp1_Clean.csv_251,22,Female,NA,NA,NA
Zhang_2023_NI_Exp1,Zhang_2023_NI_Exp1_Clean.csv_252,25,Female,NA,NA,NA
Zhang_2023_NI_Exp1,Zhang_2023_NI_Exp1_Clean.csv_253,27,Female,NA,NA,NA
Zhang_2023_NI_Exp1,Zhang_2023_NI_Exp1_Clean.csv_254,28,Male,NA,NA,NA
Zhang_2023_NI_Exp1,Zhang_2023_NI_Exp1_Clean.csv_255,22,Male,NA,NA,NA
Zhang_2023_NI_Exp1,Zhang_2023_NI_Exp1_Clean.csv_256,29,Female,NA,NA,NA
Zhang_2023_NI_Exp1,Zhang_2023_NI_Exp1_Clean.csv_257,27,Female,NA,NA,NA
Zhang_2023_NI_Exp1,Zhang_2023_NI_Exp1_Clean.csv_258,28,Female,NA,NA,NA
Zhang_2023_NI_Exp1,Zhang_2023_NI_Exp1_Clean.csv_259,23,Male,NA,NA,NA
Zhang_2023_NI_Exp1,Zhang_2023_NI_Exp1_Clean.csv_261,26,Male,NA,NA,NA
Zhang_2023_NI_Exp1,Zhang_2023_NI_Exp1_Clean.csv_262,25,Female,NA,NA,NA
Zhang_2023_NI_Exp1,Zhang_2023_NI_Exp1_Clean.csv_263,33,Female,NA,NA,NA
Zhang_2023_NI_Exp1,Zhang_2023_NI_Exp1_Clean.csv_264,24,Male,NA,NA,NA
Zhang_2023_NI_Exp1,Zhang_2023_NI_Exp1_Clean.csv_267,25,Male,NA,NA,NA
Zhang_2023_NI_Exp1,Zhang_2023_NI_Exp1_Clean.csv_269,23,Female,NA,NA,NA
Zhang_2023_NI_Exp1,Zhang_2023_NI_Exp1_Clean.csv_270,25,Female,NA,NA,NA
Zhang_2023_NI_Exp1,Zhang_2023_NI_Exp1_Clean.csv_271,29,Female,NA,NA,NA
Zhang_2023_NI_Exp1,Zhang_2023_NI_Exp1_Clean.csv_275,27,Female,NA,NA,NA
Zhang_2023_NI_Exp1,Zhang_2023_NI_Exp1_Clean.csv_276,20,Female,NA,NA,NA
Zhang_2023_NI_Exp1,Zhang_2023_NI_Exp1_Clean.csv_277,20,Male,NA,NA,NA
Zhang_2023_NI_Exp1,Zhang_2023_NI_Exp1_Clean.csv_278,34,Female,NA,NA,NA
Zhang_2023_NI_Exp1,Zhang_2023_NI_Exp1_Clean.csv_279,21,Female,NA,NA,NA
Zhang_2023_NI_Exp1,Zhang_2023_NI_Exp1_Clean.csv_289,22,Male,NA,NA,NA
Zhang_2023_NI_Exp1,Zhang_2023_NI_Exp1_Clean.csv_292,23,Female,NA,NA,NA
Zhang_2023_NI_Exp1,Zhang_2023_NI_Exp1_Clean.csv_293,22,Female,NA,NA,NA
Zhang_2023_NI_Exp1,Zhang_2023_NI_Exp1_Clean.csv_294,19,Female,NA,NA,NA
Zhang_2023_NI_Exp1,Zhang_2023_NI_Exp1_Clean.csv_295,21,Female,NA,NA,NA
Zhang_2023_NI_Exp1,Zhang_2023_NI_Exp1_Clean.csv_296,21,Female,NA,NA,NA
Zhang_2023_NI_Exp1,Zhang_2023_NI_Exp1_Clean.csv_297,21,Male,NA,NA,NA
Zhang_2023_NI_Exp1,Zhang_2023_NI_Exp1_Clean.csv_299,20,Male,NA,NA,NA
Zhang_2023_NI_Exp1,Zhang_2023_NI_Exp1_Clean.csv_302,20,Male,NA,NA,NA
Zhang_2023_NI_Exp1,Zhang_2023_NI_Exp1_Clean.csv_303,19,Female,NA,NA,NA
Zhang_2023_NI_Exp1,Zhang_2023_NI_Exp1_Clean.csv_304,19,Male,NA,NA,NA
Zhang_2023_NI_Exp1,Zhang_2023_NI_Exp1_Clean.csv_305,19,Male,NA,NA,NA
Zhang_2023_NI_Exp1,Zhang_2023_NI_Exp1_Clean.csv_307,25,Female,NA,NA,NA
Zhang_2023_NI_Exp1,Zhang_2023_NI_Exp1_Clean.csv_311,20,Female,NA,NA,NA
Zhang_2023_NI_Exp1,Zhang_2023_NI_Exp1_Clean.csv_312,24,Female,NA,NA,NA
Zhang_2023_NI_Exp1,Zhang_2023_NI_Exp1_Clean.csv_313,18,Female,NA,NA,NA
Zhang_2023_NI_Exp1,Zhang_2023_NI_Exp1_Clean.csv_315,19,Male,NA,NA,NA
Zhang_2023_NI_Exp1,Zhang_2023_NI_Exp1_Clean.csv_316,20,Male,NA,NA,NA
Zhang_2023_NI_Exp1,Zhang_2023_NI_Exp1_Clean.csv_317,20,Female,NA,NA,NA
Zhang_2023_NI_Exp1,Zhang_2023_NI_Exp1_Clean.csv_318,19,Female,NA,NA,NA
Zhang_2023_NI_Exp1,Zhang_2023_NI_Exp1_Clean.csv_320,20,Female,NA,NA,NA
Zhang_2023_NI_Exp1,Zhang_2023_NI_Exp1_Clean.csv_321,24,Male,NA,NA,NA
Zhang_2023_NI_Exp1,Zhang_2023_NI_Exp1_Clean.csv_322,28,Female,NA,NA,NA
Zhang_2023_NI_Exp1,Zhang_2023_NI_Exp1_Clean.csv_323,25,Male,NA,NA,NA
Zhang_2023_NI_Exp1,Zhang_2023_NI_Exp1_Clean.csv_324,18,Female,NA,NA,NA
Zhang_2023_NI_Exp1,Zhang_2023_NI_Exp1_Clean.csv_325,18,Female,NA,NA,NA
Zhang_2023_NI_Exp1,Zhang_2023_NI_Exp1_Clean.csv_326,21,Female,NA,NA,NA
Zhang_2023_NI_Exp1,Zhang_2023_NI_Exp1_Clean.csv_329,25,Male,NA,NA,NA
Zhang_2023_NI_Exp1,Zhang_2023_NI_Exp1_Clean.csv_330,19,Male,NA,NA,NA
Zhang_2023_NI_Exp1,Zhang_2023_NI_Exp1_Clean.csv_331,23,Female,NA,NA,NA
Zhang_2023_NI_Exp1,Zhang_2023_NI_Exp1_Clean.csv_334,19,Male,NA,NA,NA
Zhang_2023_NI_Exp1,Zhang_2023_NI_Exp1_Clean.csv_335,22,Male,NA,NA,NA
Zhang_2023_NI_Exp1,Zhang_2023_NI_Exp1_Clean.csv_341,21,Male,NA,NA,NA
Zhang_2023_NI_Exp1,Zhang_2023_NI_Exp1_Clean.csv_343,21,Male,NA,NA,NA
Zhang_2023_NI_Exp1,Zhang_2023_NI_Exp1_Clean.csv_345,30,Male,NA,NA,NA
Zhang_2023_NI_Exp1,Zhang_2023_NI_Exp1_Clean.csv_347,25,Male,NA,NA,NA
Zhang_2023_NI_Exp1,Zhang_2023_NI_Exp1_Clean.csv_350,22,Male,NA,NA,NA
Zhang_2023_NI_Exp1,Zhang_2023_NI_Exp1_Clean.csv_351,19,Male,NA,NA,NA
Zhang_2023_NI_Exp1,Zhang_2023_NI_Exp1_Clean.csv_354,23,Male,NA,NA,NA
Zhang_2023_NI_Exp1,Zhang_2023_NI_Exp1_Clean.csv_357,21,Male,NA,NA,NA
Zhang_2023_NI_Exp1,Zhang_2023_NI_Exp1_Clean.csv_358,20,Female,NA,NA,NA
Zhang_2023_NI_Exp1,Zhang_2023_NI_Exp1_Clean.csv_359,22,Female,NA,NA,NA
Zhang_2023_NI_Exp1,Zhang_2023_NI_Exp1_Clean.csv_360,28,Male,NA,NA,NA
Zhang_2023_NI_Exp1,Zhang_2023_NI_Exp1_Clean.csv_361,20,Male,NA,NA,NA
Zhang_2023_NI_Exp1,Zhang_2023_NI_Exp1_Clean.csv_362,22,Male,NA,NA,NA
Zhang_2023_NI_Exp1,Zhang_2023_NI_Exp1_Clean.csv_363,19,Female,NA,NA,NA
Zhang_2023_NI_Exp1,Zhang_2023_NI_Exp1_Clean.csv_364,19,Female,NA,NA,NA
Zhang_2023_NI_Exp1,Zhang_2023_NI_Exp1_Clean.csv_365,19,Female,NA,NA,NA
Zhang_2023_NI_Exp1,Zhang_2023_NI_Exp1_Clean.csv_366,23,Female,NA,NA,NA
Zhang_2023_NI_Exp1,Zhang_2023_NI_Exp1_Clean.csv_368,19,Female,NA,NA,NA
Zhang_2023_NI_Exp1,Zhang_2023_NI_Exp1_Clean.csv_369,19,Female,NA,NA,NA
Zhang_2023_NI_Exp1,Zhang_2023_NI_Exp1_Clean.csv_370,19,Male,NA,NA,NA
Zhang_2023_NI_Exp1,Zhang_2023_NI_Exp1_Clean.csv_371,19,Female,NA,NA,NA
Zhang_2023_NI_Exp1,Zhang_2023_NI_Exp1_Clean.csv_372,19,Female,NA,NA,NA
Zhang_2023_NI_Exp1,Zhang_2023_NI_Exp1_Clean.csv_373,19,Female,NA,NA,NA
Zhang_2023_NI_Exp1,Zhang_2023_NI_Exp1_Clean.csv_374,19,Female,NA,NA,NA
Zhang_2023_NI_Exp1,Zhang_2023_NI_Exp1_Clean.csv_375,19,Male,NA,NA,NA
Zhang_2023_NI_Exp1,Zhang_2023_NI_Exp1_Clean.csv_377,25,Female,NA,NA,NA
Zhang_2023_NI_Exp1,Zhang_2023_NI_Exp1_Clean.csv_378,22,Male,NA,NA,NA
Zhang_2023_NI_Exp1,Zhang_2023_NI_Exp1_Clean.csv_380,19,Male,NA,NA,NA
Zhang_2023_NI_Exp1,Zhang_2023_NI_Exp1_Clean.csv_382,19,Female,NA,NA,NA
Zhang_2023_NI_Exp1,Zhang_2023_NI_Exp1_Clean.csv_383,20,Female,NA,NA,NA
Zhang_2023_NI_Exp1,Zhang_2023_NI_Exp1_Clean.csv_384,19,Female,NA,NA,NA
Zhang_2023_NI_Exp1,Zhang_2023_NI_Exp1_Clean.csv_386,26,Female,NA,NA,NA
Zhang_2023_NI_Exp1,Zhang_2023_NI_Exp1_Clean.csv_387,28,Female,NA,NA,NA
Zhang_2023_NI_Exp1,Zhang_2023_NI_Exp1_Clean.csv_388,19,Female,NA,NA,NA
Zhang_2023_NI_Exp1,Zhang_2023_NI_Exp1_Clean.csv_391,29,Female,NA,NA,NA
Zhang_2023_NI_Exp1,Zhang_2023_NI_Exp1_Clean.csv_392,25,Male,NA,NA,NA
Zhang_2023_NI_Exp1,Zhang_2023_NI_Exp1_Clean.csv_397,20,Female,NA,NA,NA
Zhang_2023_NI_Exp1,Zhang_2023_NI_Exp1_Clean.csv_398,23,Male,NA,NA,NA
Zhang_2023_NI_Exp1,Zhang_2023_NI_Exp1_Clean.csv_399,29,Male,NA,NA,NA
Zhang_2023_NI_Exp1,Zhang_2023_NI_Exp1_Clean.csv_400,23,Female,NA,NA,NA
Zhang_2023_NI_Exp1,Zhang_2023_NI_Exp1_Clean.csv_401,19,Female,NA,NA,NA
Zhang_2023_NI_Exp1,Zhang_2023_NI_Exp1_Clean.csv_404,23,Female,NA,NA,NA
Zhang_2023_NI_Exp1,Zhang_2023_NI_Exp1_Clean.csv_405,23,Female,NA,NA,NA
Zhang_2023_NI_Exp1,Zhang_2023_NI_Exp1_Clean.csv_406,23,Male,NA,NA,NA
Zhang_2023_NI_Exp1,Zhang_2023_NI_Exp1_Clean.csv_407,22,Female,NA,NA,NA
Zhang_2023_NI_Exp1,Zhang_2023_NI_Exp1_Clean.csv_410,23,Male,NA,NA,NA
Zhang_2023_NI_Exp1,Zhang_2023_NI_Exp1_Clean.csv_411,22,Female,NA,NA,NA
Zhang_2023_NI_Exp1,Zhang_2023_NI_Exp1_Clean.csv_412,23,Male,NA,NA,NA
Zhang_2023_NI_Exp1,Zhang_2023_NI_Exp1_Clean.csv_414,22,Female,NA,NA,NA
Zhang_2023_NI_Exp1,Zhang_2023_NI_Exp1_Clean.csv_415,23,Female,NA,NA,NA
Zhang_2023_NI_Exp1,Zhang_2023_NI_Exp1_Clean.csv_416,19,Male,NA,NA,NA
Zhang_2023_NI_Exp1,Zhang_2023_NI_Exp1_Clean.csv_418,24,Male,NA,NA,NA
Zhang_2023_NI_Exp1,Zhang_2023_NI_Exp1_Clean.csv_419,23,Male,NA,NA,NA
Zhang_2023_NI_Exp1,Zhang_2023_NI_Exp1_Clean.csv_420,22,Female,NA,NA,NA
Zhang_2023_NI_Exp1,Zhang_2023_NI_Exp1_Clean.csv_421,24,Male,NA,NA,NA
Zhang_2023_NI_Exp1,Zhang_2023_NI_Exp1_Clean.csv_422,22,Male,NA,NA,NA
Zhang_2023_NI_Exp1,Zhang_2023_NI_Exp1_Clean.csv_423,23,Male,NA,NA,NA
Zhang_2023_NI_Exp1,Zhang_2023_NI_Exp1_Clean.csv_424,22,Male,NA,NA,NA
Zhang_2023_NI_Exp1,Zhang_2023_NI_Exp1_Clean.csv_426,22,Female,NA,NA,NA
Zhang_2023_NI_Exp1,Zhang_2023_NI_Exp1_Clean.csv_427,24,Male,NA,NA,NA
Zhang_2023_NI_Exp1,Zhang_2023_NI_Exp1_Clean.csv_428,23,Female,NA,NA,NA
